{
	"credit": "Made with Blockbench",
	"texture_size": [64, 64],
	"textures": {
		"1": "item/custom_textures2/templario",
		"particle": "item/custom_textures2/capacetetemplario"
	},
	"elements": [
		{
			"from": [1, 1, 1],
			"to": [15, 15, 2],
			"rotation": {"angle": 0, "axis": "y", "origin": [0, 0, 1]},
			"faces": {
				"north": {"uv": [0, 3.75, 3.5, 7.25], "texture": "#1"},
				"east": {"uv": [4, 10.5, 4.25, 14], "texture": "#1"},
				"south": {"uv": [3.5, 3.75, 7, 7.25], "texture": "#1"},
				"west": {"uv": [4.25, 10.5, 4.5, 14], "texture": "#1"},
				"up": {"uv": [14, 5, 10.5, 4.75], "texture": "#1"},
				"down": {"uv": [14, 5, 10.5, 5.25], "texture": "#1"}
			}
		},
		{
			"from": [1, 1, 14.5],
			"to": [15, 15, 15.5],
			"rotation": {"angle": 0, "axis": "y", "origin": [0, 0, 14]},
			"faces": {
				"north": {"uv": [7, 0, 10.5, 3.5], "texture": "#1"},
				"east": {"uv": [4.5, 10.5, 4.75, 14], "texture": "#1"},
				"south": {"uv": [7, 3.5, 10.5, 7], "texture": "#1"},
				"west": {"uv": [4.75, 10.5, 5, 14], "texture": "#1"},
				"up": {"uv": [14, 5.5, 10.5, 5.25], "texture": "#1"},
				"down": {"uv": [14, 5.5, 10.5, 5.75], "texture": "#1"}
			}
		},
		{
			"from": [0, 3, 2],
			"to": [1, 16, 15],
			"rotation": {"angle": 0, "axis": "y", "origin": [0, 0, 2]},
			"faces": {
				"north": {"uv": [5, 10.5, 5.25, 13.75], "texture": "#1"},
				"east": {"uv": [7, 7, 10.25, 10.25], "texture": "#1"},
				"south": {"uv": [5.25, 10.5, 5.5, 13.75], "texture": "#1"},
				"west": {"uv": [0, 7.25, 3.25, 10.5], "texture": "#1"},
				"up": {"uv": [5.75, 13.75, 5.5, 10.5], "texture": "#1"},
				"down": {"uv": [6, 10.5, 5.75, 13.75], "texture": "#1"}
			}
		},
		{
			"from": [15, 3, 2],
			"to": [16, 16, 15],
			"rotation": {"angle": 0, "axis": "y", "origin": [15, 0, 2]},
			"faces": {
				"north": {"uv": [6, 10.5, 6.25, 13.75], "texture": "#1"},
				"east": {"uv": [3.25, 7.25, 6.5, 10.5], "texture": "#1"},
				"south": {"uv": [6.25, 10.5, 6.5, 13.75], "texture": "#1"},
				"west": {"uv": [6.5, 10.25, 9.75, 13.5], "texture": "#1"},
				"up": {"uv": [0.25, 14.5, 0, 11.25], "texture": "#1"},
				"down": {"uv": [0.5, 11.25, 0.25, 14.5], "texture": "#1"}
			}
		},
		{
			"from": [1, 15, 1],
			"to": [15, 16, 15.5],
			"rotation": {"angle": 0, "axis": "y", "origin": [7, 15, 7]},
			"faces": {
				"north": {"uv": [10.5, 5.75, 14, 6], "texture": "#1"},
				"east": {"uv": [10.5, 4.25, 14.125, 4.5], "texture": "#1"},
				"south": {"uv": [10.5, 6, 14, 6.25], "texture": "#1"},
				"west": {"uv": [10.5, 4.5, 14.125, 4.75], "texture": "#1"},
				"up": {"uv": [3.5, 3.625, 0, 0], "texture": "#1"},
				"down": {"uv": [7, 0, 3.5, 3.625], "texture": "#1"}
			}
		},
		{
			"from": [1, 5, 0],
			"to": [15, 14, 1],
			"rotation": {"angle": 0, "axis": "y", "origin": [7, 8, 0]},
			"faces": {
				"north": {"uv": [10.25, 7, 13.75, 9.25], "texture": "#1"},
				"east": {"uv": [11, 2, 11.25, 4.25], "texture": "#1"},
				"south": {"uv": [10.25, 9.25, 13.75, 11.5], "texture": "#1"},
				"west": {"uv": [0.5, 11.25, 0.75, 13.5], "texture": "#1"},
				"up": {"uv": [14, 6.5, 10.5, 6.25], "texture": "#1"},
				"down": {"uv": [14, 6.5, 10.5, 6.75], "texture": "#1"}
			}
		},
		{
			"from": [10, 2, 0],
			"to": [15, 3, 1],
			"rotation": {"angle": 0, "axis": "y", "origin": [8, -3, 0]},
			"faces": {
				"north": {"uv": [0.75, 12, 2, 12.25], "texture": "#1"},
				"east": {"uv": [1.25, 13, 1.5, 13.25], "texture": "#1"},
				"south": {"uv": [2, 12, 3.25, 12.25], "texture": "#1"},
				"west": {"uv": [12.75, 13, 13, 13.25], "texture": "#1"},
				"up": {"uv": [12.5, 12.25, 11.25, 12], "texture": "#1"},
				"down": {"uv": [2, 12.25, 0.75, 12.5], "texture": "#1"}
			}
		},
		{
			"from": [13, 3, 0],
			"to": [14, 4, 1],
			"rotation": {"angle": 0, "axis": "y", "origin": [7, -2, 0]},
			"faces": {
				"north": {"uv": [2, 13.25, 2.25, 13.5], "texture": "#1"},
				"east": {"uv": [2.25, 13.25, 2.5, 13.5], "texture": "#1"},
				"south": {"uv": [2.5, 13.25, 2.75, 13.5], "texture": "#1"},
				"west": {"uv": [2.75, 13.25, 3, 13.5], "texture": "#1"},
				"up": {"uv": [13.5, 3, 13.25, 2.75], "texture": "#1"},
				"down": {"uv": [3.25, 13.25, 3, 13.5], "texture": "#1"}
			}
		},
		{
			"from": [2, 3, 0],
			"to": [4, 4, 1],
			"rotation": {"angle": 0, "axis": "y", "origin": [-4, -2, 0]},
			"faces": {
				"north": {"uv": [2.25, 13, 2.75, 13.25], "texture": "#1"},
				"east": {"uv": [2.25, 13.5, 2.5, 13.75], "texture": "#1"},
				"south": {"uv": [2.75, 13, 3.25, 13.25], "texture": "#1"},
				"west": {"uv": [13.5, 2.25, 13.75, 2.5], "texture": "#1"},
				"up": {"uv": [10.25, 13.25, 9.75, 13], "texture": "#1"},
				"down": {"uv": [11, 13, 10.5, 13.25], "texture": "#1"}
			}
		},
		{
			"from": [3, 4, 0],
			"to": [6, 5, 1],
			"rotation": {"angle": 0, "axis": "y", "origin": [-1, -1, 0]},
			"faces": {
				"north": {"uv": [0.75, 12.75, 1.5, 13], "texture": "#1"},
				"east": {"uv": [2.5, 13.5, 2.75, 13.75], "texture": "#1"},
				"south": {"uv": [2.25, 12.75, 3, 13], "texture": "#1"},
				"west": {"uv": [13.5, 2.5, 13.75, 2.75], "texture": "#1"},
				"up": {"uv": [13.5, 4, 12.75, 3.75], "texture": "#1"},
				"down": {"uv": [13.5, 4, 12.75, 4.25], "texture": "#1"}
			}
		},
		{
			"from": [5, 3, 0],
			"to": [7, 4, 1],
			"rotation": {"angle": 0, "axis": "y", "origin": [0, -2, 0]},
			"faces": {
				"north": {"uv": [11, 13, 11.5, 13.25], "texture": "#1"},
				"east": {"uv": [2.75, 13.5, 3, 13.75], "texture": "#1"},
				"south": {"uv": [13, 11.5, 13.5, 11.75], "texture": "#1"},
				"west": {"uv": [13.5, 2.75, 13.75, 3], "texture": "#1"},
				"up": {"uv": [13.5, 12, 13, 11.75], "texture": "#1"},
				"down": {"uv": [12.75, 13, 12.25, 13.25], "texture": "#1"}
			}
		},
		{
			"from": [9, 3, 0],
			"to": [11, 4, 1],
			"rotation": {"angle": 0, "axis": "y", "origin": [4, -2, 0]},
			"faces": {
				"north": {"uv": [12.25, 12.75, 12.75, 13], "texture": "#1"},
				"east": {"uv": [1.5, 13.5, 1.75, 13.75], "texture": "#1"},
				"south": {"uv": [12.75, 12.5, 13.25, 12.75], "texture": "#1"},
				"west": {"uv": [1.75, 13.5, 2, 13.75], "texture": "#1"},
				"up": {"uv": [13.25, 13, 12.75, 12.75], "texture": "#1"},
				"down": {"uv": [1.25, 13, 0.75, 13.25], "texture": "#1"}
			}
		},
		{
			"from": [14, 3, 0],
			"to": [15, 4, 1],
			"rotation": {"angle": 0, "axis": "y", "origin": [8, -2, 0]},
			"faces": {
				"north": {"uv": [11.25, 13.25, 11.5, 13.5], "texture": "#1"},
				"east": {"uv": [11.5, 13.25, 11.75, 13.5], "texture": "#1"},
				"south": {"uv": [11.75, 13.25, 12, 13.5], "texture": "#1"},
				"west": {"uv": [12, 13.25, 12.25, 13.5], "texture": "#1"},
				"up": {"uv": [13.5, 12.25, 13.25, 12], "texture": "#1"},
				"down": {"uv": [12.5, 13.25, 12.25, 13.5], "texture": "#1"}
			}
		},
		{
			"from": [14, 4, 0],
			"to": [15, 5, 1],
			"rotation": {"angle": 0, "axis": "y", "origin": [8, -1, 0]},
			"faces": {
				"north": {"uv": [13.25, 12.25, 13.5, 12.5], "texture": "#1"},
				"east": {"uv": [12.5, 13.25, 12.75, 13.5], "texture": "#1"},
				"south": {"uv": [13.25, 12.5, 13.5, 12.75], "texture": "#1"},
				"west": {"uv": [12.75, 13.25, 13, 13.5], "texture": "#1"},
				"up": {"uv": [13.5, 13, 13.25, 12.75], "texture": "#1"},
				"down": {"uv": [13.25, 13.25, 13, 13.5], "texture": "#1"}
			}
		},
		{
			"from": [12, 3, 0],
			"to": [13, 4, 1],
			"rotation": {"angle": 0, "axis": "y", "origin": [6, -2, 0]},
			"faces": {
				"north": {"uv": [13.25, 3, 13.5, 3.25], "texture": "#1"},
				"east": {"uv": [3.25, 13.25, 3.5, 13.5], "texture": "#1"},
				"south": {"uv": [13.25, 3.25, 13.5, 3.5], "texture": "#1"},
				"west": {"uv": [3.5, 13.25, 3.75, 13.5], "texture": "#1"},
				"up": {"uv": [13.5, 3.75, 13.25, 3.5], "texture": "#1"},
				"down": {"uv": [4, 13.25, 3.75, 13.5], "texture": "#1"}
			}
		},
		{
			"from": [10, 4, 0],
			"to": [13, 5, 1],
			"rotation": {"angle": 0, "axis": "y", "origin": [4, -1, 0]},
			"faces": {
				"north": {"uv": [2.25, 12.5, 3, 12.75], "texture": "#1"},
				"east": {"uv": [2, 13.5, 2.25, 13.75], "texture": "#1"},
				"south": {"uv": [11.25, 12.5, 12, 12.75], "texture": "#1"},
				"west": {"uv": [13.5, 2, 13.75, 2.25], "texture": "#1"},
				"up": {"uv": [12.75, 12.75, 12, 12.5], "texture": "#1"},
				"down": {"uv": [13.25, 12, 12.5, 12.25], "texture": "#1"}
			}
		},
		{
			"from": [1, 4, 0],
			"to": [2, 5, 1],
			"rotation": {"angle": 0, "axis": "y", "origin": [-4, -1, 0]},
			"faces": {
				"north": {"uv": [13.25, 13, 13.5, 13.25], "texture": "#1"},
				"east": {"uv": [13.25, 13.25, 13.5, 13.5], "texture": "#1"},
				"south": {"uv": [0.5, 13.5, 0.75, 13.75], "texture": "#1"},
				"west": {"uv": [0.75, 13.5, 1, 13.75], "texture": "#1"},
				"up": {"uv": [1.25, 13.75, 1, 13.5], "texture": "#1"},
				"down": {"uv": [1.5, 13.5, 1.25, 13.75], "texture": "#1"}
			}
		},
		{
			"from": [1, 3, 0],
			"to": [2, 4, 1],
			"rotation": {"angle": 0, "axis": "y", "origin": [-4, -2, 0]},
			"faces": {
				"north": {"uv": [9.75, 13.25, 10, 13.5], "texture": "#1"},
				"east": {"uv": [10, 13.25, 10.25, 13.5], "texture": "#1"},
				"south": {"uv": [10.25, 13.25, 10.5, 13.5], "texture": "#1"},
				"west": {"uv": [10.5, 13.25, 10.75, 13.5], "texture": "#1"},
				"up": {"uv": [11, 13.5, 10.75, 13.25], "texture": "#1"},
				"down": {"uv": [11.25, 13.25, 11, 13.5], "texture": "#1"}
			}
		},
		{
			"from": [1, 2, 0],
			"to": [6, 3, 1],
			"rotation": {"angle": 0, "axis": "y", "origin": [-3, -3, 0]},
			"faces": {
				"north": {"uv": [2, 12.25, 3.25, 12.5], "texture": "#1"},
				"east": {"uv": [1.5, 13.25, 1.75, 13.5], "texture": "#1"},
				"south": {"uv": [12.25, 2, 13.5, 2.25], "texture": "#1"},
				"west": {"uv": [1.75, 13.25, 2, 13.5], "texture": "#1"},
				"up": {"uv": [13.5, 2.5, 12.25, 2.25], "texture": "#1"},
				"down": {"uv": [13.5, 2.5, 12.25, 2.75], "texture": "#1"}
			}
		},
		{
			"from": [7, 3, -1],
			"to": [9, 14, 1],
			"rotation": {"angle": 0, "axis": "y", "origin": [7, 6, -1]},
			"faces": {
				"north": {"uv": [6.5, 7.25, 7, 10], "texture": "#1"},
				"east": {"uv": [9.75, 10.25, 10.25, 13], "texture": "#1"},
				"south": {"uv": [10.5, 1.5, 11, 4.25], "texture": "#1"},
				"west": {"uv": [3.5, 10.5, 4, 13.25], "texture": "#1"},
				"up": {"uv": [10.75, 12.75, 10.25, 12.25], "texture": "#1"},
				"down": {"uv": [11.25, 12.25, 10.75, 12.75], "texture": "#1"}
			}
		},
		{
			"from": [13, 8, -1],
			"to": [15, 11, 0],
			"rotation": {"angle": 0, "axis": "y", "origin": [13, 10, -1]},
			"faces": {
				"north": {"uv": [2.75, 11.25, 3.25, 12], "texture": "#1"},
				"east": {"uv": [3.25, 11.25, 3.5, 12], "texture": "#1"},
				"south": {"uv": [11.25, 3, 11.75, 3.75], "texture": "#1"},
				"west": {"uv": [3.25, 12, 3.5, 12.75], "texture": "#1"},
				"up": {"uv": [7, 10.25, 6.5, 10], "texture": "#1"},
				"down": {"uv": [2.75, 11.75, 2.25, 12], "texture": "#1"}
			}
		},
		{
			"from": [6, 14, 0],
			"to": [10, 16, 1],
			"rotation": {"angle": 0, "axis": "y", "origin": [7, 16, 0]},
			"faces": {
				"north": {"uv": [0.75, 11.25, 1.75, 11.75], "texture": "#1"},
				"east": {"uv": [11.5, 12.75, 11.75, 13.25], "texture": "#1"},
				"south": {"uv": [1.75, 11.25, 2.75, 11.75], "texture": "#1"},
				"west": {"uv": [12.75, 11.5, 13, 12], "texture": "#1"},
				"up": {"uv": [13.25, 3, 12.25, 2.75], "texture": "#1"},
				"down": {"uv": [12.25, 12.25, 11.25, 12.5], "texture": "#1"}
			}
		},
		{
			"from": [6, 1, 0],
			"to": [10, 3, 1],
			"rotation": {"angle": 0, "axis": "y", "origin": [7, 4, 0]},
			"faces": {
				"north": {"uv": [11.25, 2, 12.25, 2.5], "texture": "#1"},
				"east": {"uv": [11.75, 12.75, 12, 13.25], "texture": "#1"},
				"south": {"uv": [11.25, 2.5, 12.25, 3], "texture": "#1"},
				"west": {"uv": [12, 12.75, 12.25, 13.25], "texture": "#1"},
				"up": {"uv": [13.25, 12.5, 12.25, 12.25], "texture": "#1"},
				"down": {"uv": [1.75, 12.5, 0.75, 12.75], "texture": "#1"}
			}
		},
		{
			"from": [5, 1, 0],
			"to": [11, 2, 1],
			"rotation": {"angle": 0, "axis": "y", "origin": [7, 3, 0]},
			"faces": {
				"north": {"uv": [11.25, 3.75, 12.75, 4], "texture": "#1"},
				"east": {"uv": [13, 13, 13.25, 13.25], "texture": "#1"},
				"south": {"uv": [11.25, 4, 12.75, 4.25], "texture": "#1"},
				"west": {"uv": [0.75, 13.25, 1, 13.5], "texture": "#1"},
				"up": {"uv": [12.75, 11.75, 11.25, 11.5], "texture": "#1"},
				"down": {"uv": [2.25, 11.75, 0.75, 12], "texture": "#1"}
			}
		},
		{
			"from": [5, 15, 0],
			"to": [11, 16, 1],
			"rotation": {"angle": 0, "axis": "y", "origin": [7, 17, 0]},
			"faces": {
				"north": {"uv": [11.75, 3, 13.25, 3.25], "texture": "#1"},
				"east": {"uv": [1, 13.25, 1.25, 13.5], "texture": "#1"},
				"south": {"uv": [11.75, 3.25, 13.25, 3.5], "texture": "#1"},
				"west": {"uv": [1.25, 13.25, 1.5, 13.5], "texture": "#1"},
				"up": {"uv": [13.25, 3.75, 11.75, 3.5], "texture": "#1"},
				"down": {"uv": [12.75, 11.75, 11.25, 12], "texture": "#1"}
			}
		},
		{
			"from": [1, 8, -1],
			"to": [3, 11, 0],
			"rotation": {"angle": 0, "axis": "y", "origin": [1, 10, -1]},
			"faces": {
				"north": {"uv": [10.25, 11.5, 10.75, 12.25], "texture": "#1"},
				"east": {"uv": [1.75, 12.5, 2, 13.25], "texture": "#1"},
				"south": {"uv": [10.75, 11.5, 11.25, 12.25], "texture": "#1"},
				"west": {"uv": [2, 12.5, 2.25, 13.25], "texture": "#1"},
				"up": {"uv": [11, 13, 10.5, 12.75], "texture": "#1"},
				"down": {"uv": [11.5, 12.75, 11, 13], "texture": "#1"}
			}
		},
		{
			"from": [1, 10, -1],
			"to": [15, 12, 0],
			"rotation": {"angle": 0, "axis": "y", "origin": [0, 10, -1]},
			"faces": {
				"north": {"uv": [0, 10.5, 3.5, 11], "texture": "#1"},
				"east": {"uv": [3, 12.5, 3.25, 13], "texture": "#1"},
				"south": {"uv": [10.5, 0, 14, 0.5], "texture": "#1"},
				"west": {"uv": [1.5, 12.75, 1.75, 13.25], "texture": "#1"},
				"up": {"uv": [14, 7, 10.5, 6.75], "texture": "#1"},
				"down": {"uv": [3.5, 11, 0, 11.25], "texture": "#1"}
			}
		},
		{
			"from": [1, 7, -1],
			"to": [15, 9, 0],
			"rotation": {"angle": 0, "axis": "y", "origin": [0, 7, -1]},
			"faces": {
				"north": {"uv": [10.5, 0.5, 14, 1], "texture": "#1"},
				"east": {"uv": [3.25, 12.75, 3.5, 13.25], "texture": "#1"},
				"south": {"uv": [10.5, 1, 14, 1.5], "texture": "#1"},
				"west": {"uv": [10.25, 12.75, 10.5, 13.25], "texture": "#1"},
				"up": {"uv": [14.5, 1.75, 11, 1.5], "texture": "#1"},
				"down": {"uv": [14.5, 1.75, 11, 2], "texture": "#1"}
			}
		}
	],
	"display": {
		"thirdperson_righthand": {
			"rotation": [-66, -180, 0],
			"translation": [0.75, -0.75, 0],
			"scale": [0.5, 0.5, 0.49]
		},
		"thirdperson_lefthand": {
			"rotation": [15, 80, 0],
			"translation": [0, 3.25, 0],
			"scale": [0.5, 0.5, 0]
		},
		"firstperson_righthand": {
			"rotation": [0, 90, 0],
			"translation": [0.5, 1.25, 0],
			"scale": [0.75, 0.75, 0]
		},
		"firstperson_lefthand": {
			"rotation": [0, 90, 0],
			"translation": [0.5, 1.25, 0],
			"scale": [0.75, 0.75, 0]
		},
		"ground": {
			"rotation": [2, -180, 0],
			"translation": [0, 0.25, -0.75],
			"scale": [0.5, 0.5, 0.5]
		},
		"gui": {
			"rotation": [0, -180, 0],
			"scale": [0.55, 0.55, 0.55]
		},
		"head": {
			"translation": [0, -0.75, 0]
		},
		"fixed": {
			"translation": [0, 0, 6.25]
		}
	}
}