{
	"parent": "minecraft:item/generated",
	"textures": {
		"layer0": "minecraft:item/rabbit_foot"
	},
  
	"overrides": [
		{"predicate": {"custom_model_data":1}, "model": "item/rabbit_foot/coin"},
		{"predicate": {"custom_model_data":2}, "model": "item/rabbit_foot/magic_mask"},
		{"predicate": {"custom_model_data":3}, "model": "item/rabbit_foot/crate_magic"},
		{"predicate": {"custom_model_data":4}, "model": "item/rabbit_foot/crate_obscur"},
		{"predicate": {"custom_model_data":5}, "model": "item/rabbit_foot/giant_blade"},
		{"predicate": {"custom_model_data":6}, "model": "item/rabbit_foot/magic_sword"}
    ]
}