{
    "providers": [
        {
            "type": "bitmap",
            "file": "minecraft:logo/logo.png",
            "ascent": 66,
            "height": 106,
            "chars": ["㍿"]
        },
        {
            "type": "bitmap",
            "file": "minecraft:logo/argent.png",
            "ascent": 30,
            "height": 53,
            "chars": ["∐"]
        },
        {
            "type": "bitmap",
            "file": "minecraft:logo/pseudo.png",
            "ascent": 30,
            "height": 53,
            "chars": ["≼"]
        },
        {
            "type": "bitmap",
            "file": "minecraft:logo/team.png",
            "ascent": 28,
            "height": 48,
            "chars": ["Ł"]
        },
        {
            "type": "bitmap",
            "file": "minecraft:logo/astraliaip.png",
            "ascent": 0,
            "height": 158,
            "chars": ["赤"]
        },
        {
            "type": "bitmap",
            "file": "minecraft:logo/monnaie.png",
            "ascent": 10,
            "height": 15,
            "chars": ["丝"]
        },
        {
            "type": "bitmap",
            "file": "minecraft:logo/aide.png",
            "ascent": 10,
            "height": 15,
            "chars": ["亭"]
        },
        {
            "type": "bitmap",
            "file": "minecraft:logo/job.png",
            "ascent": 10,
            "height": 15,
            "chars": ["习"]
        },
        {
            "type": "bitmap",
            "file": "minecraft:logo/psd.png",
            "ascent": 10,
            "height": 15,
            "chars": ["亃"]
        },
        {
            "type": "bitmap",
            "file": "minecraft:logo/gerant.png",
            "ascent": 10,
            "height": 10,
            "chars": ["ꏹ"]
        },
        {
            "type": "bitmap",
            "file": "minecraft:logo/joueur.png",
            "ascent": 10,
            "height": 10,
            "chars": ["ꏻ"]
        },
        {
            "type": "bitmap",
            "file": "minecraft:logo/arcesien.png",
            "ascent": 10,
            "height": 10,
            "chars": ["ꏼ"]
        },
        {
            "type": "bitmap",
            "file": "minecraft:logo/souverain.png",
            "ascent": 10,
            "height": 10,
            "chars": ["ꐙ"]
        },   
        {
            "type": "bitmap",
            "file": "minecraft:logo/guide.png",
            "ascent": 10,
            "height": 10,
            "chars": ["ꐗ"]
        },      
        {
            "type": "bitmap",
            "file": "minecraft:logo/responsable.png",
            "ascent": 10,
            "height": 10,
            "chars": ["ꐕ"]
        },     
        {
            "type": "bitmap",
            "file": "minecraft:logo/modo.png",
            "ascent": 10,
            "height": 10,
            "chars": ["ꐔ"]
        },   
        {
            "type": "bitmap",
            "file": "minecraft:logo/interstellar.png",
            "ascent": 10,
            "height": 10,
            "chars": ["ꐓ"]
        },     
        {
            "type": "bitmap",
            "file": "minecraft:logo/nebularis.png",
            "ascent": 10,
            "height": 10,
            "chars": ["ꐒ"]
        },
        {
            "type": "bitmap",
            "file": "minecraft:logo/admin.png",
            "ascent": 10,
            "height": 10,
            "chars": ["冝"]
        },
        {
            "type": "bitmap",
            "file": "minecraft:logo/dev.png",
            "ascent": 10,
            "height": 10,
            "chars": ["入"]
        },
        {
            "type": "bitmap",
            "file": "minecraft:logo/builder.png",
            "ascent": 10,
            "height": 10,
            "chars": ["曹"]
        },
        {
            "type": "bitmap",
            "file": "minecraft:logo/star.png",
            "ascent": 10,
            "height": 10,
            "chars": ["ꐅ"]
        },
        {
            "type": "bitmap",
            "file": "minecraft:logo/clic_gauche.png",
            "ascent": 8,
            "height": 10,
            "chars": ["羁"]
        },
        {
            "type": "bitmap",
            "file": "minecraft:logo/clic_droit.png",
            "ascent": 8,
            "height": 10,
            "chars": ["乡"]
        }
    ]
}