{
    "providers": [
        {
            "type": "bitmap",
            "file": "minecraft:logo/logo.png",
            "ascent": 66,
            "height": 106,
            "chars": ["㍿"]
        },
        {
            "type": "bitmap",
            "file": "minecraft:logo/argent.png",
            "ascent": 30,
            "height": 53,
            "chars": ["∐"]
        },
        {
            "type": "bitmap",
            "file": "minecraft:logo/pseudo.png",
            "ascent": 30,
            "height": 53,
            "chars": ["≼"]
        },
        {
            "type": "bitmap",
            "file": "minecraft:logo/team.png",
            "ascent": 28,
            "height": 48,
            "chars": ["Ł"]
        },
        {
            "type": "bitmap",
            "file": "minecraft:logo/astraliaip.png",
            "ascent": 0,
            "height": 158,
            "chars": ["赤"]
        }



    ]
}