{
	"credit": "Made with Blockbench",
	"texture_size": [32, 32],
	"textures": {
		"0": "item/custom_textures2/Bloodvein",
		"particle": "item/custom_textures2/Bloodvein"
	},
	"elements": [
		{
			"from": [6.675, 18, 7.85],
			"to": [8.4, 18.5, 8.65],
			"faces": {
				"north": {"uv": [7, 1, 7.875, 1.25], "texture": "#0"},
				"east": {"uv": [7, 1, 7.875, 1.25], "texture": "#0"},
				"south": {"uv": [7, 1, 7.875, 1.25], "texture": "#0"},
				"west": {"uv": [7, 1, 7.875, 1.25], "texture": "#0"},
				"up": {"uv": [5.875, 4.375, 5, 4], "texture": "#0"},
				"down": {"uv": [5.875, 4.5, 5, 4.875], "texture": "#0"}
			}
		},
		{
			"from": [7.1, 17.25, 7.85],
			"to": [8.55, 17.75, 8.65],
			"faces": {
				"north": {"uv": [7.5, 3.5, 8.25, 3.75], "texture": "#0"},
				"east": {"uv": [7, 1, 7.875, 1.25], "texture": "#0"},
				"south": {"uv": [7, 1, 7.875, 1.25], "texture": "#0"},
				"west": {"uv": [7, 1, 7.875, 1.25], "texture": "#0"},
				"up": {"uv": [5.75, 5.875, 5, 5.5], "texture": "#0"},
				"down": {"uv": [0.75, 6, 0, 6.375], "texture": "#0"}
			}
		},
		{
			"from": [7.35, 16.5, 7.85],
			"to": [8.575, 17, 8.65],
			"faces": {
				"north": {"uv": [8, 6, 8.625, 6.25], "texture": "#0"},
				"east": {"uv": [7, 1, 7.875, 1.25], "texture": "#0"},
				"south": {"uv": [7, 1, 7.875, 1.25], "texture": "#0"},
				"west": {"uv": [7, 1, 7.875, 1.25], "texture": "#0"},
				"up": {"uv": [7.125, 5.375, 6.5, 5], "texture": "#0"},
				"down": {"uv": [7.125, 5.5, 6.5, 5.875], "texture": "#0"}
			}
		},
		{
			"from": [7.6, 1.75, 8],
			"to": [8.35, 3.25, 8.5],
			"faces": {
				"north": {"uv": [2, 6, 2.375, 6.75], "texture": "#0"},
				"east": {"uv": [3, 8, 3.25, 8.75], "texture": "#0"},
				"south": {"uv": [2.375, 6, 2, 6.75], "texture": "#0"},
				"west": {"uv": [3.5, 8, 3.75, 8.75], "texture": "#0"},
				"up": {"uv": [10.875, 5.25, 10.5, 5], "texture": "#0"},
				"down": {"uv": [5.875, 10.5, 5.5, 10.75], "texture": "#0"}
			}
		},
		{
			"from": [8.175, 6.25, 8],
			"to": [8.925, 11.75, 8.5],
			"faces": {
				"north": {"uv": [0, 1.5, 0.375, 4.25], "texture": "#0"},
				"east": {"uv": [3, 1, 3.25, 3.75], "texture": "#0"},
				"south": {"uv": [0.375, 1.5, 0, 4.25], "texture": "#0"},
				"west": {"uv": [2, 3, 2.25, 5.75], "texture": "#0"},
				"up": {"uv": [10.375, 3.25, 10, 3], "texture": "#0"},
				"down": {"uv": [3.875, 10, 3.5, 10.25], "texture": "#0"}
			}
		},
		{
			"from": [8.075, 11.75, 8],
			"to": [8.825, 14.5, 8.5],
			"faces": {
				"north": {"uv": [2.5, 3, 2.875, 4.375], "texture": "#0"},
				"east": {"uv": [5, 2.5, 5.25, 3.875], "texture": "#0"},
				"south": {"uv": [2.875, 3, 2.5, 4.375], "texture": "#0"},
				"west": {"uv": [3.5, 5, 3.75, 6.375], "texture": "#0"},
				"up": {"uv": [10.375, 2.75, 10, 2.5], "texture": "#0"},
				"down": {"uv": [3.375, 10, 3, 10.25], "texture": "#0"}
			}
		},
		{
			"from": [8.025, 4, 8],
			"to": [8.775, 6.25, 8.5],
			"faces": {
				"north": {"uv": [4, 4, 4.375, 5.125], "texture": "#0"},
				"east": {"uv": [1, 6, 1.25, 7.125], "texture": "#0"},
				"south": {"uv": [4.375, 4, 4, 5.125], "texture": "#0"},
				"west": {"uv": [1.5, 6, 1.75, 7.125], "texture": "#0"},
				"up": {"uv": [10.875, 4.75, 10.5, 4.5], "texture": "#0"},
				"down": {"uv": [5.375, 10.5, 5, 10.75], "texture": "#0"}
			}
		},
		{
			"from": [7.25, 17.25, 8],
			"to": [8.25, 18, 8.5],
			"faces": {
				"north": {"uv": [8, 1.5, 8.5, 1.875], "texture": "#0"},
				"east": {"uv": [10, 9.5, 10.25, 9.875], "texture": "#0"},
				"south": {"uv": [2, 8, 2.5, 8.375], "texture": "#0"},
				"west": {"uv": [10, 10, 10.25, 10.375], "texture": "#0"},
				"up": {"uv": [9.5, 2.25, 9, 2], "texture": "#0"},
				"down": {"uv": [9.5, 4.5, 9, 4.75], "texture": "#0"}
			}
		},
		{
			"from": [7.6, 16.25, 8],
			"to": [8.45, 16.75, 8.5],
			"faces": {
				"north": {"uv": [10, 0, 10.4375, 0.25], "texture": "#0"},
				"east": {"uv": [1.5, 11.5, 1.75, 11.75], "texture": "#0"},
				"south": {"uv": [10.4375, 0, 10, 0.25], "texture": "#0"},
				"west": {"uv": [11.5, 1.5, 11.75, 1.75], "texture": "#0"},
				"up": {"uv": [10.4375, 0.75, 10, 0.5], "texture": "#0"},
				"down": {"uv": [1.4375, 10, 1, 10.25], "texture": "#0"}
			}
		},
		{
			"from": [7.5, 16.75, 8],
			"to": [8.4, 17.25, 8.5],
			"faces": {
				"north": {"uv": [9, 9.5, 9.4375, 9.75], "texture": "#0"},
				"east": {"uv": [1, 11.5, 1.25, 11.75], "texture": "#0"},
				"south": {"uv": [9.5, 9, 9.9375, 9.25], "texture": "#0"},
				"west": {"uv": [11.5, 1, 11.75, 1.25], "texture": "#0"},
				"up": {"uv": [9.9375, 9.75, 9.5, 9.5], "texture": "#0"},
				"down": {"uv": [0.4375, 10, 0, 10.25], "texture": "#0"}
			}
		},
		{
			"from": [7.75, 15.45, 8],
			"to": [8.55, 16.25, 8.5],
			"faces": {
				"north": {"uv": [8.5, 3.5, 8.875, 3.875], "texture": "#0"},
				"east": {"uv": [10, 1.5, 10.25, 1.875], "texture": "#0"},
				"south": {"uv": [8.875, 3.5, 8.5, 3.875], "texture": "#0"},
				"west": {"uv": [2, 10, 2.25, 10.375], "texture": "#0"},
				"up": {"uv": [10.375, 2.25, 10, 2], "texture": "#0"},
				"down": {"uv": [2.875, 10, 2.5, 10.25], "texture": "#0"}
			}
		},
		{
			"from": [7.925, 14.5, 8],
			"to": [8.675, 15.45, 8.5],
			"faces": {
				"north": {"uv": [7.5, 3, 7.875, 3.5], "texture": "#0"},
				"east": {"uv": [9, 1, 9.25, 1.5], "texture": "#0"},
				"south": {"uv": [7.875, 3, 7.5, 3.5], "texture": "#0"},
				"west": {"uv": [1.5, 9, 1.75, 9.5], "texture": "#0"},
				"up": {"uv": [10.375, 1.25, 10, 1], "texture": "#0"},
				"down": {"uv": [1.875, 10, 1.5, 10.25], "texture": "#0"}
			}
		},
		{
			"from": [7.85, 3.25, 8],
			"to": [8.6, 4, 8.5],
			"faces": {
				"north": {"uv": [8.5, 7.5, 8.875, 7.875], "texture": "#0"},
				"east": {"uv": [10.5, 3.5, 10.75, 3.875], "texture": "#0"},
				"south": {"uv": [8.875, 7.5, 8.5, 7.875], "texture": "#0"},
				"west": {"uv": [4, 10.5, 4.25, 10.875], "texture": "#0"},
				"up": {"uv": [10.875, 4.25, 10.5, 4], "texture": "#0"},
				"down": {"uv": [4.875, 10.5, 4.5, 10.75], "texture": "#0"}
			}
		},
		{
			"from": [7.4, 1.25, 8],
			"to": [8.15, 1.75, 8.5],
			"faces": {
				"north": {"uv": [10.5, 2.5, 10.875, 2.75], "texture": "#0"},
				"east": {"uv": [10.5, 2.5, 10.875, 2.75], "texture": "#0"},
				"south": {"uv": [10.5, 2.5, 10.875, 2.75], "texture": "#0"},
				"west": {"uv": [10.5, 2.5, 10.875, 2.75], "texture": "#0"},
				"up": {"uv": [10.875, 3.25, 10.5, 3], "texture": "#0"},
				"down": {"uv": [3.875, 10.5, 3.5, 10.75], "texture": "#0"}
			}
		},
		{
			"from": [7, 0, 7.935],
			"to": [8.25, 1.25, 8.56],
			"faces": {
				"north": {"uv": [4.5, 0, 5.125, 0.625], "texture": "#0"},
				"east": {"uv": [1, 7.5, 1.3125, 8.125], "texture": "#0"},
				"south": {"uv": [5.125, 0, 4.5, 0.625], "texture": "#0"},
				"west": {"uv": [1.5, 7.5, 1.8125, 8.125], "texture": "#0"},
				"up": {"uv": [8.125, 0.8125, 7.5, 0.5], "texture": "#0"},
				"down": {"uv": [8.125, 2, 7.5, 2.3125], "texture": "#0"}
			}
		},
		{
			"from": [14, 20.5, 7.985],
			"to": [14.25, 22.5, 8.51],
			"faces": {
				"north": {"uv": [3.5, 9, 3.625, 10], "texture": "#0"},
				"east": {"uv": [6.5, 3, 6.75, 4], "texture": "#0"},
				"south": {"uv": [3.625, 9, 3.5, 10], "texture": "#0"},
				"west": {"uv": [3.5, 6.5, 3.75, 7.5], "texture": "#0"},
				"up": {"uv": [12.625, 0.75, 12.5, 0.5], "texture": "#0"},
				"down": {"uv": [1.125, 12.5, 1, 12.75], "texture": "#0"}
			}
		},
		{
			"from": [14.75, 20.25, 8.085],
			"to": [15, 22.25, 8.41],
			"faces": {
				"north": {"uv": [2.5, 9, 2.625, 10], "texture": "#0"},
				"east": {"uv": [7.5, 4, 7.6875, 5], "texture": "#0"},
				"south": {"uv": [3, 9, 3.125, 10], "texture": "#0"},
				"west": {"uv": [7.5, 5, 7.6875, 6], "texture": "#0"},
				"up": {"uv": [12.625, 11.6875, 12.5, 11.5], "texture": "#0"},
				"down": {"uv": [12.125, 12.5, 12, 12.6875], "texture": "#0"}
			}
		},
		{
			"from": [17, 18, 8.185],
			"to": [17.25, 19.25, 8.31],
			"faces": {
				"north": {"uv": [9, 10.5, 9.125, 11.125], "texture": "#0"},
				"east": {"uv": [12, 2.5, 12.0625, 3.125], "texture": "#0"},
				"south": {"uv": [10.5, 9, 10.625, 9.625], "texture": "#0"},
				"west": {"uv": [3, 12, 3.0625, 12.625], "texture": "#0"},
				"up": {"uv": [8.625, 13.0625, 8.5, 13], "texture": "#0"},
				"down": {"uv": [13.125, 8.5, 13, 8.5625], "texture": "#0"}
			}
		},
		{
			"from": [16.75, 18.75, 8.185],
			"to": [17, 20, 8.31],
			"faces": {
				"north": {"uv": [10.5, 8, 10.625, 8.625], "texture": "#0"},
				"east": {"uv": [2, 12, 2.0625, 12.625], "texture": "#0"},
				"south": {"uv": [8.5, 10.5, 8.625, 11.125], "texture": "#0"},
				"west": {"uv": [2.5, 12, 2.5625, 12.625], "texture": "#0"},
				"up": {"uv": [8.125, 13.0625, 8, 13], "texture": "#0"},
				"down": {"uv": [13.125, 8, 13, 8.0625], "texture": "#0"}
			}
		},
		{
			"from": [16.5, 19.25, 8.185],
			"to": [16.75, 20.5, 8.31],
			"faces": {
				"north": {"uv": [10.5, 7, 10.625, 7.625], "texture": "#0"},
				"east": {"uv": [1.5, 12, 1.5625, 12.625], "texture": "#0"},
				"south": {"uv": [7.5, 10.5, 7.625, 11.125], "texture": "#0"},
				"west": {"uv": [12, 1.5, 12.0625, 2.125], "texture": "#0"},
				"up": {"uv": [7.625, 13.0625, 7.5, 13], "texture": "#0"},
				"down": {"uv": [13.125, 7.5, 13, 7.5625], "texture": "#0"}
			}
		},
		{
			"from": [16.25, 19.5, 8.185],
			"to": [16.5, 21, 8.31],
			"faces": {
				"north": {"uv": [6.5, 10, 6.625, 10.75], "texture": "#0"},
				"east": {"uv": [7, 11.5, 7.0625, 12.25], "texture": "#0"},
				"south": {"uv": [10, 6.5, 10.125, 7.25], "texture": "#0"},
				"west": {"uv": [11.5, 7, 11.5625, 7.75], "texture": "#0"},
				"up": {"uv": [7.125, 13.0625, 7, 13], "texture": "#0"},
				"down": {"uv": [13.125, 7, 13, 7.0625], "texture": "#0"}
			}
		},
		{
			"from": [16, 19.75, 8.185],
			"to": [16.25, 21.25, 8.31],
			"faces": {
				"north": {"uv": [10, 5.5, 10.125, 6.25], "texture": "#0"},
				"east": {"uv": [11.5, 6, 11.5625, 6.75], "texture": "#0"},
				"south": {"uv": [6, 10, 6.125, 10.75], "texture": "#0"},
				"west": {"uv": [6.5, 11.5, 6.5625, 12.25], "texture": "#0"},
				"up": {"uv": [6.625, 13.0625, 6.5, 13], "texture": "#0"},
				"down": {"uv": [13.125, 6.5, 13, 6.5625], "texture": "#0"}
			}
		},
		{
			"from": [15.75, 20, 8.085],
			"to": [16, 21.5, 8.41],
			"faces": {
				"north": {"uv": [1.5, 10.5, 1.625, 11.25], "texture": "#0"},
				"east": {"uv": [8.5, 6.5, 8.6875, 7.25], "texture": "#0"},
				"south": {"uv": [10.5, 1.5, 10.625, 2.25], "texture": "#0"},
				"west": {"uv": [7, 8.5, 7.1875, 9.25], "texture": "#0"},
				"up": {"uv": [3.125, 13.1875, 3, 13], "texture": "#0"},
				"down": {"uv": [13.125, 3, 13, 3.1875], "texture": "#0"}
			}
		},
		{
			"from": [16.25, 19.75, 8.085],
			"to": [16.5, 20.25, 8.41],
			"faces": {
				"north": {"uv": [12.5, 7.5, 12.625, 7.75], "texture": "#0"},
				"east": {"uv": [11.5, 10.5, 11.6875, 10.75], "texture": "#0"},
				"south": {"uv": [8, 12.5, 8.125, 12.75], "texture": "#0"},
				"west": {"uv": [11, 11.5, 11.1875, 11.75], "texture": "#0"},
				"up": {"uv": [3.625, 13.1875, 3.5, 13], "texture": "#0"},
				"down": {"uv": [13.125, 3.5, 13, 3.6875], "texture": "#0"}
			}
		},
		{
			"from": [16, 20, 8.085],
			"to": [16.25, 20.75, 8.41],
			"faces": {
				"north": {"uv": [7.5, 11.5, 7.625, 11.875], "texture": "#0"},
				"east": {"uv": [11, 6, 11.1875, 6.375], "texture": "#0"},
				"south": {"uv": [8, 11.5, 8.125, 11.875], "texture": "#0"},
				"west": {"uv": [6.5, 11, 6.6875, 11.375], "texture": "#0"},
				"up": {"uv": [12.625, 12.1875, 12.5, 12], "texture": "#0"},
				"down": {"uv": [12.625, 12.5, 12.5, 12.6875], "texture": "#0"}
			}
		},
		{
			"from": [15.5, 20, 8.085],
			"to": [15.75, 21.75, 8.41],
			"faces": {
				"north": {"uv": [9.5, 6, 9.625, 6.875], "texture": "#0"},
				"east": {"uv": [5, 8, 5.1875, 8.875], "texture": "#0"},
				"south": {"uv": [7, 9.5, 7.125, 10.375], "texture": "#0"},
				"west": {"uv": [8, 5, 8.1875, 5.875], "texture": "#0"},
				"up": {"uv": [12.625, 11.1875, 12.5, 11], "texture": "#0"},
				"down": {"uv": [11.625, 12.5, 11.5, 12.6875], "texture": "#0"}
			}
		},
		{
			"from": [15, 20.25, 8.085],
			"to": [15.5, 22, 8.41],
			"faces": {
				"north": {"uv": [5.5, 7, 5.75, 7.875], "texture": "#0"},
				"east": {"uv": [8, 4, 8.1875, 4.875], "texture": "#0"},
				"south": {"uv": [6, 7, 6.25, 7.875], "texture": "#0"},
				"west": {"uv": [4.5, 8, 4.6875, 8.875], "texture": "#0"},
				"up": {"uv": [11.75, 5.6875, 11.5, 5.5], "texture": "#0"},
				"down": {"uv": [6.25, 11.5, 6, 11.6875], "texture": "#0"}
			}
		},
		{
			"from": [15.5, 20.5, 7.985],
			"to": [15.75, 21, 8.51],
			"faces": {
				"north": {"uv": [12.5, 8.5, 12.625, 8.75], "texture": "#0"},
				"east": {"uv": [11.5, 3, 11.75, 3.25], "texture": "#0"},
				"south": {"uv": [12.5, 8.5, 12.625, 8.75], "texture": "#0"},
				"west": {"uv": [3.5, 11.5, 3.75, 11.75], "texture": "#0"},
				"up": {"uv": [12.625, 9.25, 12.5, 9], "texture": "#0"},
				"down": {"uv": [9.625, 12.5, 9.5, 12.75], "texture": "#0"}
			}
		},
		{
			"from": [15.25, 20.5, 7.985],
			"to": [15.5, 21.25, 8.51],
			"faces": {
				"north": {"uv": [11.5, 11, 11.625, 11.375], "texture": "#0"},
				"east": {"uv": [2, 10.5, 2.25, 10.875], "texture": "#0"},
				"south": {"uv": [11.5, 11, 11.625, 11.375], "texture": "#0"},
				"west": {"uv": [2.5, 10.5, 2.75, 10.875], "texture": "#0"},
				"up": {"uv": [12.625, 8.25, 12.5, 8], "texture": "#0"},
				"down": {"uv": [8.625, 12.5, 8.5, 12.75], "texture": "#0"}
			}
		},
		{
			"from": [14.75, 20.5, 7.985],
			"to": [15.25, 21.75, 8.51],
			"faces": {
				"north": {"uv": [8, 8, 8.25, 8.625], "texture": "#0"},
				"east": {"uv": [0, 8.5, 0.25, 9.125], "texture": "#0"},
				"south": {"uv": [8.25, 8, 8, 8.625], "texture": "#0"},
				"west": {"uv": [0.5, 8.5, 0.75, 9.125], "texture": "#0"},
				"up": {"uv": [11.75, 2.75, 11.5, 2.5], "texture": "#0"},
				"down": {"uv": [3.25, 11.5, 3, 11.75], "texture": "#0"}
			}
		},
		{
			"from": [14.25, 20.5, 7.985],
			"to": [14.75, 22.25, 8.51],
			"faces": {
				"north": {"uv": [2.5, 7, 2.75, 7.875], "texture": "#0"},
				"east": {"uv": [7, 3, 7.25, 3.875], "texture": "#0"},
				"south": {"uv": [2.75, 7, 2.5, 7.875], "texture": "#0"},
				"west": {"uv": [5, 7, 5.25, 7.875], "texture": "#0"},
				"up": {"uv": [8.25, 11.25, 8, 11], "texture": "#0"},
				"down": {"uv": [11.25, 8, 11, 8.25], "texture": "#0"}
			}
		},
		{
			"from": [13, 20.75, 7.985],
			"to": [14, 22.5, 8.51],
			"faces": {
				"north": {"uv": [4, 0, 4.5, 0.875], "texture": "#0"},
				"east": {"uv": [2, 7, 2.25, 7.875], "texture": "#0"},
				"south": {"uv": [4.5, 0, 4, 0.875], "texture": "#0"},
				"west": {"uv": [7, 2, 7.25, 2.875], "texture": "#0"},
				"up": {"uv": [9.5, 1.75, 9, 1.5], "texture": "#0"},
				"down": {"uv": [2.5, 9, 2, 9.25], "texture": "#0"}
			}
		},
		{
			"from": [13, 21, 7.935],
			"to": [13.75, 22, 8.56],
			"faces": {
				"north": {"uv": [2.5, 8, 2.875, 8.5], "texture": "#0"},
				"east": {"uv": [1, 8.5, 1.3125, 9], "texture": "#0"},
				"south": {"uv": [2.875, 8, 2.5, 8.5], "texture": "#0"},
				"west": {"uv": [1.5, 8.5, 1.8125, 9], "texture": "#0"},
				"up": {"uv": [0.375, 9.8125, 0, 9.5], "texture": "#0"},
				"down": {"uv": [9.875, 0, 9.5, 0.3125], "texture": "#0"}
			}
		},
		{
			"from": [13.75, 21, 7.935],
			"to": [14.5, 21.75, 8.56],
			"faces": {
				"north": {"uv": [8.5, 5.5, 8.875, 5.875], "texture": "#0"},
				"east": {"uv": [0.5, 9.5, 0.8125, 9.875], "texture": "#0"},
				"south": {"uv": [8.875, 5.5, 8.5, 5.875], "texture": "#0"},
				"west": {"uv": [9.5, 0.5, 9.8125, 0.875], "texture": "#0"},
				"up": {"uv": [1.375, 9.8125, 1, 9.5], "texture": "#0"},
				"down": {"uv": [9.875, 1, 9.5, 1.3125], "texture": "#0"}
			}
		},
		{
			"from": [11.5, 21, 7.935],
			"to": [13, 22.75, 8.56],
			"faces": {
				"north": {"uv": [1, 3.5, 1.75, 4.375], "texture": "#0"},
				"east": {"uv": [5, 6, 5.3125, 6.875], "texture": "#0"},
				"south": {"uv": [1.75, 3.5, 1, 4.375], "texture": "#0"},
				"west": {"uv": [6, 5, 6.3125, 5.875], "texture": "#0"},
				"up": {"uv": [7.25, 6.3125, 6.5, 6], "texture": "#0"},
				"down": {"uv": [7.25, 6.5, 6.5, 6.8125], "texture": "#0"}
			}
		},
		{
			"from": [8, 18.5, 7.935],
			"to": [8.25, 19, 8.56],
			"faces": {
				"north": {"uv": [12.5, 6, 12.625, 6.25], "texture": "#0"},
				"east": {"uv": [0.5, 11, 0.8125, 11.25], "texture": "#0"},
				"south": {"uv": [12.625, 6, 12.5, 6.25], "texture": "#0"},
				"west": {"uv": [1, 11, 1.3125, 11.25], "texture": "#0"},
				"up": {"uv": [8.125, 12.3125, 8, 12], "texture": "#0"},
				"down": {"uv": [12.125, 8, 12, 8.3125], "texture": "#0"}
			}
		},
		{
			"from": [7.75, 18.5, 7.935],
			"to": [8, 19.5, 8.56],
			"faces": {
				"north": {"uv": [10, 11, 10.125, 11.5], "texture": "#0"},
				"east": {"uv": [8, 6.5, 8.3125, 7], "texture": "#0"},
				"south": {"uv": [10.125, 11, 10, 11.5], "texture": "#0"},
				"west": {"uv": [8, 7, 8.3125, 7.5], "texture": "#0"},
				"up": {"uv": [7.625, 12.3125, 7.5, 12], "texture": "#0"},
				"down": {"uv": [12.125, 7.5, 12, 7.8125], "texture": "#0"}
			}
		},
		{
			"from": [7.5, 18.5, 7.935],
			"to": [7.75, 20.25, 8.56],
			"faces": {
				"north": {"uv": [9.5, 7, 9.625, 7.875], "texture": "#0"},
				"east": {"uv": [0, 6.5, 0.3125, 7.375], "texture": "#0"},
				"south": {"uv": [9.625, 7, 9.5, 7.875], "texture": "#0"},
				"west": {"uv": [6.5, 0, 6.8125, 0.875], "texture": "#0"},
				"up": {"uv": [4.125, 12.3125, 4, 12], "texture": "#0"},
				"down": {"uv": [12.125, 4, 12, 4.3125], "texture": "#0"}
			}
		},
		{
			"from": [7.025, 18.5, 7.935],
			"to": [7.525, 20.5, 8.56],
			"faces": {
				"north": {"uv": [4, 6.5, 4.25, 7.5], "texture": "#0"},
				"east": {"uv": [5.5, 2, 5.8125, 3], "texture": "#0"},
				"south": {"uv": [4.25, 6.5, 4, 7.5], "texture": "#0"},
				"west": {"uv": [3, 5.5, 3.3125, 6.5], "texture": "#0"},
				"up": {"uv": [9.75, 10.8125, 9.5, 10.5], "texture": "#0"},
				"down": {"uv": [10.25, 10.5, 10, 10.8125], "texture": "#0"}
			}
		},
		{
			"from": [5.025, 20.25, 8.035],
			"to": [5.275, 21.25, 8.46],
			"faces": {
				"north": {"uv": [9.5, 11, 9.625, 11.5], "texture": "#0"},
				"east": {"uv": [10, 9, 10.1875, 9.5], "texture": "#0"},
				"south": {"uv": [11, 9.5, 11.125, 10], "texture": "#0"},
				"west": {"uv": [9.5, 10, 9.6875, 10.5], "texture": "#0"},
				"up": {"uv": [0.125, 13.1875, 0, 13], "texture": "#0"},
				"down": {"uv": [13.125, 0, 13, 0.1875], "texture": "#0"}
			}
		},
		{
			"from": [2.525, 21.75, 8.135],
			"to": [3.025, 22, 8.36],
			"faces": {
				"north": {"uv": [12.5, 4, 12.75, 4.125], "texture": "#0"},
				"east": {"uv": [4, 13, 4.125, 13.125], "texture": "#0"},
				"south": {"uv": [4.5, 12.5, 4.75, 12.625], "texture": "#0"},
				"west": {"uv": [13, 4, 13.125, 4.125], "texture": "#0"},
				"up": {"uv": [12.75, 4.625, 12.5, 4.5], "texture": "#0"},
				"down": {"uv": [5.25, 12.5, 5, 12.625], "texture": "#0"}
			}
		},
		{
			"from": [3.025, 21.5, 8.135],
			"to": [3.525, 22, 8.36],
			"faces": {
				"north": {"uv": [11, 11, 11.25, 11.25], "texture": "#0"},
				"east": {"uv": [12.5, 3, 12.625, 3.25], "texture": "#0"},
				"south": {"uv": [11.5, 0, 11.75, 0.25], "texture": "#0"},
				"west": {"uv": [3.5, 12.5, 3.625, 12.75], "texture": "#0"},
				"up": {"uv": [12.75, 3.625, 12.5, 3.5], "texture": "#0"},
				"down": {"uv": [4.25, 12.5, 4, 12.625], "texture": "#0"}
			}
		},
		{
			"from": [3.775, 21, 8.035],
			"to": [4.275, 21.25, 8.46],
			"faces": {
				"north": {"uv": [12.5, 2, 12.75, 2.125], "texture": "#0"},
				"east": {"uv": [1, 13, 1.1875, 13.125], "texture": "#0"},
				"south": {"uv": [12.5, 2.5, 12.75, 2.625], "texture": "#0"},
				"west": {"uv": [13, 1, 13.1875, 1.125], "texture": "#0"},
				"up": {"uv": [11.75, 9.1875, 11.5, 9], "texture": "#0"},
				"down": {"uv": [9.75, 11.5, 9.5, 11.6875], "texture": "#0"}
			}
		},
		{
			"from": [4.275, 20.75, 8.035],
			"to": [4.525, 21.25, 8.46],
			"faces": {
				"north": {"uv": [12.5, 1, 12.625, 1.25], "texture": "#0"},
				"east": {"uv": [11.5, 8.5, 11.6875, 8.75], "texture": "#0"},
				"south": {"uv": [12.5, 1.5, 12.625, 1.75], "texture": "#0"},
				"west": {"uv": [9, 11.5, 9.1875, 11.75], "texture": "#0"},
				"up": {"uv": [0.625, 13.1875, 0.5, 13], "texture": "#0"},
				"down": {"uv": [13.125, 0.5, 13, 0.6875], "texture": "#0"}
			}
		},
		{
			"from": [4.525, 20.5, 8.035],
			"to": [5.025, 21.25, 8.46],
			"faces": {
				"north": {"uv": [10, 8.5, 10.25, 8.875], "texture": "#0"},
				"east": {"uv": [11, 6.5, 11.1875, 6.875], "texture": "#0"},
				"south": {"uv": [9, 10, 9.25, 10.375], "texture": "#0"},
				"west": {"uv": [7, 11, 7.1875, 11.375], "texture": "#0"},
				"up": {"uv": [11.75, 8.1875, 11.5, 8], "texture": "#0"},
				"down": {"uv": [8.75, 11.5, 8.5, 11.6875], "texture": "#0"}
			}
		},
		{
			"from": [5.275, 20, 8.035],
			"to": [5.525, 21.25, 8.46],
			"faces": {
				"north": {"uv": [11, 1, 11.125, 1.625], "texture": "#0"},
				"east": {"uv": [8, 9, 8.1875, 9.625], "texture": "#0"},
				"south": {"uv": [2, 11, 2.125, 11.625], "texture": "#0"},
				"west": {"uv": [9, 8, 9.1875, 8.625], "texture": "#0"},
				"up": {"uv": [1.625, 13.1875, 1.5, 13], "texture": "#0"},
				"down": {"uv": [13.125, 1.5, 13, 1.6875], "texture": "#0"}
			}
		},
		{
			"from": [5.525, 20, 7.935],
			"to": [5.775, 21.25, 8.56],
			"faces": {
				"north": {"uv": [0, 11, 0.125, 11.625], "texture": "#0"},
				"east": {"uv": [6.5, 7, 6.8125, 7.625], "texture": "#0"},
				"south": {"uv": [0.125, 11, 0, 11.625], "texture": "#0"},
				"west": {"uv": [7, 7, 7.3125, 7.625], "texture": "#0"},
				"up": {"uv": [12.125, 6.8125, 12, 6.5], "texture": "#0"},
				"down": {"uv": [12.125, 7, 12, 7.3125], "texture": "#0"}
			}
		},
		{
			"from": [5.775, 19.75, 7.935],
			"to": [6.025, 21.25, 8.56],
			"faces": {
				"north": {"uv": [10, 7.5, 10.125, 8.25], "texture": "#0"},
				"east": {"uv": [4.5, 6.5, 4.8125, 7.25], "texture": "#0"},
				"south": {"uv": [10.125, 7.5, 10, 8.25], "texture": "#0"},
				"west": {"uv": [7, 0, 7.3125, 0.75], "texture": "#0"},
				"up": {"uv": [6.125, 12.3125, 6, 12], "texture": "#0"},
				"down": {"uv": [12.125, 6, 12, 6.3125], "texture": "#0"}
			}
		},
		{
			"from": [6.025, 19.5, 7.935],
			"to": [6.275, 21.25, 8.56],
			"faces": {
				"north": {"uv": [9.5, 8, 9.625, 8.875], "texture": "#0"},
				"east": {"uv": [0.5, 6.5, 0.8125, 7.375], "texture": "#0"},
				"south": {"uv": [9.625, 8, 9.5, 8.875], "texture": "#0"},
				"west": {"uv": [6.5, 1, 6.8125, 1.875], "texture": "#0"},
				"up": {"uv": [5.625, 12.3125, 5.5, 12], "texture": "#0"},
				"down": {"uv": [12.125, 5.5, 12, 5.8125], "texture": "#0"}
			}
		},
		{
			"from": [6.275, 19.25, 7.935],
			"to": [6.525, 21.25, 8.56],
			"faces": {
				"north": {"uv": [4, 9, 4.125, 10], "texture": "#0"},
				"east": {"uv": [4, 5.5, 4.3125, 6.5], "texture": "#0"},
				"south": {"uv": [4.125, 9, 4, 10], "texture": "#0"},
				"west": {"uv": [4.5, 5.5, 4.8125, 6.5], "texture": "#0"},
				"up": {"uv": [5.125, 12.3125, 5, 12], "texture": "#0"},
				"down": {"uv": [12.125, 5, 12, 5.3125], "texture": "#0"}
			}
		},
		{
			"from": [6.525, 18.75, 7.935],
			"to": [6.775, 21, 8.56],
			"faces": {
				"north": {"uv": [6, 8.5, 6.125, 9.625], "texture": "#0"},
				"east": {"uv": [4.5, 4, 4.8125, 5.125], "texture": "#0"},
				"south": {"uv": [6.125, 8.5, 6, 9.625], "texture": "#0"},
				"west": {"uv": [5, 1, 5.3125, 2.125], "texture": "#0"},
				"up": {"uv": [4.625, 12.3125, 4.5, 12], "texture": "#0"},
				"down": {"uv": [12.125, 4.5, 12, 4.8125], "texture": "#0"}
			}
		},
		{
			"from": [6.775, 18.5, 7.935],
			"to": [7.025, 20.75, 8.56],
			"faces": {
				"north": {"uv": [8.5, 4, 8.625, 5.125], "texture": "#0"},
				"east": {"uv": [2.5, 4.5, 2.8125, 5.625], "texture": "#0"},
				"south": {"uv": [8.625, 4, 8.5, 5.125], "texture": "#0"},
				"west": {"uv": [4.5, 2.5, 4.8125, 3.625], "texture": "#0"},
				"up": {"uv": [3.625, 12.3125, 3.5, 12], "texture": "#0"},
				"down": {"uv": [12.125, 3.5, 12, 3.8125], "texture": "#0"}
			}
		},
		{
			"from": [1.775, 22.25, 8.135],
			"to": [2.275, 22.75, 8.36],
			"faces": {
				"north": {"uv": [0.5, 11.5, 0.75, 11.75], "texture": "#0"},
				"east": {"uv": [12.5, 5, 12.625, 5.25], "texture": "#0"},
				"south": {"uv": [11.5, 0.5, 11.75, 0.75], "texture": "#0"},
				"west": {"uv": [5.5, 12.5, 5.625, 12.75], "texture": "#0"},
				"up": {"uv": [12.75, 5.625, 12.5, 5.5], "texture": "#0"},
				"down": {"uv": [6.25, 12.5, 6, 12.625], "texture": "#0"}
			}
		},
		{
			"from": [2.275, 22, 8.135],
			"to": [3.525, 23, 8.36],
			"faces": {
				"north": {"uv": [5.5, 3, 6.125, 3.5], "texture": "#0"},
				"east": {"uv": [11, 8.5, 11.125, 9], "texture": "#0"},
				"south": {"uv": [5.5, 3.5, 6.125, 4], "texture": "#0"},
				"west": {"uv": [11, 9, 11.125, 9.5], "texture": "#0"},
				"up": {"uv": [11.125, 10.125, 10.5, 10], "texture": "#0"},
				"down": {"uv": [11.125, 10.5, 10.5, 10.625], "texture": "#0"}
			}
		},
		{
			"from": [3.525, 21.25, 8.035],
			"to": [5.525, 23.25, 8.46],
			"faces": {
				"north": {"uv": [1, 1.5, 2, 2.5], "texture": "#0"},
				"east": {"uv": [7.5, 6, 7.6875, 7], "texture": "#0"},
				"south": {"uv": [2, 0, 3, 1], "texture": "#0"},
				"west": {"uv": [7.5, 7, 7.6875, 8], "texture": "#0"},
				"up": {"uv": [1, 8.1875, 0, 8], "texture": "#0"},
				"down": {"uv": [9, 1, 8, 1.1875], "texture": "#0"}
			}
		},
		{
			"from": [4.025, 21.5, 7.935],
			"to": [4.275, 21.75, 8.56],
			"faces": {
				"north": {"uv": [4.5, 13, 4.625, 13.125], "texture": "#0"},
				"east": {"uv": [8.5, 12, 8.8125, 12.125], "texture": "#0"},
				"south": {"uv": [4.5, 13, 4.625, 13.125], "texture": "#0"},
				"west": {"uv": [12, 8.5, 12.3125, 8.625], "texture": "#0"},
				"up": {"uv": [9.125, 12.3125, 9, 12], "texture": "#0"},
				"down": {"uv": [12.125, 9, 12, 9.3125], "texture": "#0"}
			}
		},
		{
			"from": [3.275, 21.75, 8.035],
			"to": [3.525, 22.75, 8.46],
			"faces": {
				"north": {"uv": [11.5, 2, 11.625, 2.5], "texture": "#0"},
				"east": {"uv": [1, 10.5, 1.1875, 11], "texture": "#0"},
				"south": {"uv": [2.5, 11.5, 2.625, 12], "texture": "#0"},
				"west": {"uv": [10.5, 1, 10.6875, 1.5], "texture": "#0"},
				"up": {"uv": [2.125, 13.1875, 2, 13], "texture": "#0"},
				"down": {"uv": [13.125, 2, 13, 2.1875], "texture": "#0"}
			}
		},
		{
			"from": [2.525, 22.25, 8.035],
			"to": [2.775, 22.75, 8.46],
			"faces": {
				"north": {"uv": [12.5, 6.5, 12.625, 6.75], "texture": "#0"},
				"east": {"uv": [11.5, 10, 11.6875, 10.25], "texture": "#0"},
				"south": {"uv": [7, 12.5, 7.125, 12.75], "texture": "#0"},
				"west": {"uv": [10.5, 11.5, 10.6875, 11.75], "texture": "#0"},
				"up": {"uv": [2.625, 13.1875, 2.5, 13], "texture": "#0"},
				"down": {"uv": [13.125, 2.5, 13, 2.6875], "texture": "#0"}
			}
		},
		{
			"from": [2.775, 22, 8.035],
			"to": [3.275, 22.75, 8.46],
			"faces": {
				"north": {"uv": [0.5, 10.5, 0.75, 10.875], "texture": "#0"},
				"east": {"uv": [11, 7, 11.1875, 7.375], "texture": "#0"},
				"south": {"uv": [10.5, 0.5, 10.75, 0.875], "texture": "#0"},
				"west": {"uv": [11, 7.5, 11.1875, 7.875], "texture": "#0"},
				"up": {"uv": [11.75, 9.6875, 11.5, 9.5], "texture": "#0"},
				"down": {"uv": [10.25, 11.5, 10, 11.6875], "texture": "#0"}
			}
		},
		{
			"from": [3.275, 22.25, 7.935],
			"to": [3.525, 22.5, 8.56],
			"faces": {
				"north": {"uv": [6, 13, 6.125, 13.125], "texture": "#0"},
				"east": {"uv": [12, 12, 12.3125, 12.125], "texture": "#0"},
				"south": {"uv": [6.125, 13, 6, 13.125], "texture": "#0"},
				"west": {"uv": [0, 12.5, 0.3125, 12.625], "texture": "#0"},
				"up": {"uv": [12.625, 0.3125, 12.5, 0], "texture": "#0"},
				"down": {"uv": [0.625, 12.5, 0.5, 12.8125], "texture": "#0"}
			}
		},
		{
			"from": [3.525, 22, 7.935],
			"to": [3.775, 22.5, 8.56],
			"faces": {
				"north": {"uv": [12.5, 7, 12.625, 7.25], "texture": "#0"},
				"east": {"uv": [11, 3, 11.3125, 3.25], "texture": "#0"},
				"south": {"uv": [12.625, 7, 12.5, 7.25], "texture": "#0"},
				"west": {"uv": [3.5, 11, 3.8125, 11.25], "texture": "#0"},
				"up": {"uv": [11.625, 12.3125, 11.5, 12], "texture": "#0"},
				"down": {"uv": [12.125, 11.5, 12, 11.8125], "texture": "#0"}
			}
		},
		{
			"from": [3.775, 21.75, 7.935],
			"to": [4.275, 22.75, 8.56],
			"faces": {
				"north": {"uv": [5, 9, 5.25, 9.5], "texture": "#0"},
				"east": {"uv": [7.5, 8, 7.8125, 8.5], "texture": "#0"},
				"south": {"uv": [5.25, 9, 5, 9.5], "texture": "#0"},
				"west": {"uv": [8, 7.5, 8.3125, 8], "texture": "#0"},
				"up": {"uv": [11.25, 2.3125, 11, 2], "texture": "#0"},
				"down": {"uv": [2.75, 11, 2.5, 11.3125], "texture": "#0"}
			}
		},
		{
			"from": [4.525, 21, 7.935],
			"to": [4.775, 21.25, 8.56],
			"faces": {
				"north": {"uv": [5.5, 13, 5.625, 13.125], "texture": "#0"},
				"east": {"uv": [10.5, 12, 10.8125, 12.125], "texture": "#0"},
				"south": {"uv": [13, 5.5, 13.125, 5.625], "texture": "#0"},
				"west": {"uv": [12, 10.5, 12.3125, 10.625], "texture": "#0"},
				"up": {"uv": [11.125, 12.3125, 11, 12], "texture": "#0"},
				"down": {"uv": [12.125, 11, 12, 11.3125], "texture": "#0"}
			}
		},
		{
			"from": [5.275, 20.5, 7.935],
			"to": [5.525, 20.75, 8.56],
			"faces": {
				"north": {"uv": [5, 13, 5.125, 13.125], "texture": "#0"},
				"east": {"uv": [9.5, 12, 9.8125, 12.125], "texture": "#0"},
				"south": {"uv": [13, 5, 13.125, 5.125], "texture": "#0"},
				"west": {"uv": [12, 9.5, 12.3125, 9.625], "texture": "#0"},
				"up": {"uv": [10.125, 12.3125, 10, 12], "texture": "#0"},
				"down": {"uv": [12.125, 10, 12, 10.3125], "texture": "#0"}
			}
		},
		{
			"from": [4.775, 20.75, 7.935],
			"to": [5.525, 21.25, 8.56],
			"faces": {
				"north": {"uv": [0, 10.5, 0.375, 10.75], "texture": "#0"},
				"east": {"uv": [11, 2.5, 11.3125, 2.75], "texture": "#0"},
				"south": {"uv": [0.375, 10.5, 0, 10.75], "texture": "#0"},
				"west": {"uv": [3, 11, 3.3125, 11.25], "texture": "#0"},
				"up": {"uv": [8.875, 9.3125, 8.5, 9], "texture": "#0"},
				"down": {"uv": [9.375, 9, 9, 9.3125], "texture": "#0"}
			}
		},
		{
			"from": [4.275, 21.25, 7.935],
			"to": [5.525, 23, 8.56],
			"faces": {
				"north": {"uv": [3.5, 2, 4.125, 2.875], "texture": "#0"},
				"east": {"uv": [6.5, 2, 6.8125, 2.875], "texture": "#0"},
				"south": {"uv": [4.125, 2, 3.5, 2.875], "texture": "#0"},
				"west": {"uv": [3, 6.5, 3.3125, 7.375], "texture": "#0"},
				"up": {"uv": [0.625, 7.8125, 0, 7.5], "texture": "#0"},
				"down": {"uv": [8.125, 0, 7.5, 0.3125], "texture": "#0"}
			}
		},
		{
			"from": [5.525, 21.25, 7.935],
			"to": [7.525, 23.5, 8.56],
			"faces": {
				"north": {"uv": [0, 0, 1, 1.125], "texture": "#0"},
				"east": {"uv": [4.5, 1, 4.8125, 2.125], "texture": "#0"},
				"south": {"uv": [1, 0, 0, 1.125], "texture": "#0"},
				"west": {"uv": [1.5, 4.5, 1.8125, 5.625], "texture": "#0"},
				"up": {"uv": [6.5, 1.3125, 5.5, 1], "texture": "#0"},
				"down": {"uv": [6.5, 1.5, 5.5, 1.8125], "texture": "#0"}
			}
		},
		{
			"from": [7.525, 21.5, 7.935],
			"to": [9.525, 23.25, 8.56],
			"faces": {
				"north": {"uv": [1, 2.5, 2, 3.375], "texture": "#0"},
				"east": {"uv": [5.5, 6, 5.8125, 6.875], "texture": "#0"},
				"south": {"uv": [2, 2.5, 1, 3.375], "texture": "#0"},
				"west": {"uv": [6, 6, 6.3125, 6.875], "texture": "#0"},
				"up": {"uv": [1.5, 5.8125, 0.5, 5.5], "texture": "#0"},
				"down": {"uv": [6.5, 0.5, 5.5, 0.8125], "texture": "#0"}
			}
		},
		{
			"from": [9.5, 21.25, 7.935],
			"to": [11.5, 23, 8.56],
			"faces": {
				"north": {"uv": [2, 1, 3, 1.875], "texture": "#0"},
				"east": {"uv": [2.5, 6, 2.8125, 6.875], "texture": "#0"},
				"south": {"uv": [3, 1, 2, 1.875], "texture": "#0"},
				"west": {"uv": [6, 4, 6.3125, 4.875], "texture": "#0"},
				"up": {"uv": [6, 5.3125, 5, 5], "texture": "#0"},
				"down": {"uv": [6.5, 0, 5.5, 0.3125], "texture": "#0"}
			}
		},
		{
			"from": [5, 1, 8.135],
			"to": [5.75, 1.5, 8.36],
			"rotation": {"angle": 0, "axis": "y", "origin": [16, 0, 0]},
			"faces": {
				"north": {"uv": [10.5, 5.5, 10.875, 5.75], "texture": "#0"},
				"east": {"uv": [12.5, 10.5, 12.625, 10.75], "texture": "#0"},
				"south": {"uv": [10.875, 5.5, 10.5, 5.75], "texture": "#0"},
				"west": {"uv": [11, 12.5, 11.125, 12.75], "texture": "#0"},
				"up": {"uv": [0.875, 12.125, 0.5, 12], "texture": "#0"},
				"down": {"uv": [12.375, 0.5, 12, 0.625], "texture": "#0"}
			}
		},
		{
			"from": [5.75, 0.5, 7.935],
			"to": [6.25, 1, 8.56],
			"rotation": {"angle": 0, "axis": "y", "origin": [16, 0, 0]},
			"faces": {
				"north": {"uv": [11.5, 5, 11.75, 5.25], "texture": "#0"},
				"east": {"uv": [11, 5, 11.3125, 5.25], "texture": "#0"},
				"south": {"uv": [11.75, 5, 11.5, 5.25], "texture": "#0"},
				"west": {"uv": [5.5, 11, 5.8125, 11.25], "texture": "#0"},
				"up": {"uv": [11.25, 5.8125, 11, 5.5], "texture": "#0"},
				"down": {"uv": [6.25, 11, 6, 11.3125], "texture": "#0"}
			}
		},
		{
			"from": [5.5, 0.75, 8.035],
			"to": [6.5, 1.25, 8.46],
			"rotation": {"angle": 0, "axis": "y", "origin": [16, 0, 0]},
			"faces": {
				"north": {"uv": [9, 6.5, 9.5, 6.75], "texture": "#0"},
				"east": {"uv": [1, 12, 1.1875, 12.25], "texture": "#0"},
				"south": {"uv": [9.5, 6.5, 9, 6.75], "texture": "#0"},
				"west": {"uv": [12, 1, 12.1875, 1.25], "texture": "#0"},
				"up": {"uv": [11, 6.6875, 10.5, 6.5], "texture": "#0"},
				"down": {"uv": [7.5, 10.5, 7, 10.6875], "texture": "#0"}
			}
		},
		{
			"from": [6.25, 0.25, 7.935],
			"to": [7, 1, 8.56],
			"rotation": {"angle": 0, "axis": "y", "origin": [16, 0, 0]},
			"faces": {
				"north": {"uv": [9, 0.5, 9.375, 0.875], "texture": "#0"},
				"east": {"uv": [9.5, 4.5, 9.8125, 4.875], "texture": "#0"},
				"south": {"uv": [9.375, 0.5, 9, 0.875], "texture": "#0"},
				"west": {"uv": [5, 9.5, 5.3125, 9.875], "texture": "#0"},
				"up": {"uv": [9.875, 5.3125, 9.5, 5], "texture": "#0"},
				"down": {"uv": [9.875, 5.5, 9.5, 5.8125], "texture": "#0"}
			}
		},
		{
			"from": [11, 1.25, 8.135],
			"to": [11.5, 1.75, 8.36],
			"faces": {
				"north": {"uv": [11.5, 4.5, 11.75, 4.75], "texture": "#0"},
				"east": {"uv": [12.5, 9.5, 12.625, 9.75], "texture": "#0"},
				"south": {"uv": [11.75, 4.5, 11.5, 4.75], "texture": "#0"},
				"west": {"uv": [10, 12.5, 10.125, 12.75], "texture": "#0"},
				"up": {"uv": [12.75, 10.125, 12.5, 10], "texture": "#0"},
				"down": {"uv": [10.75, 12.5, 10.5, 12.625], "texture": "#0"}
			}
		},
		{
			"from": [10, 1, 8.035],
			"to": [11.25, 1.5, 8.46],
			"faces": {
				"north": {"uv": [8.5, 2.5, 9.125, 2.75], "texture": "#0"},
				"east": {"uv": [0, 12, 0.1875, 12.25], "texture": "#0"},
				"south": {"uv": [9.125, 2.5, 8.5, 2.75], "texture": "#0"},
				"west": {"uv": [12, 0, 12.1875, 0.25], "texture": "#0"},
				"up": {"uv": [10.125, 3.6875, 9.5, 3.5], "texture": "#0"},
				"down": {"uv": [10.125, 4, 9.5, 4.1875], "texture": "#0"}
			}
		},
		{
			"from": [10.25, 0.75, 7.935],
			"to": [10.75, 1.25, 8.56],
			"faces": {
				"north": {"uv": [11.5, 4, 11.75, 4.25], "texture": "#0"},
				"east": {"uv": [11, 4, 11.3125, 4.25], "texture": "#0"},
				"south": {"uv": [11.75, 4, 11.5, 4.25], "texture": "#0"},
				"west": {"uv": [4.5, 11, 4.8125, 11.25], "texture": "#0"},
				"up": {"uv": [11.25, 4.8125, 11, 4.5], "texture": "#0"},
				"down": {"uv": [5.25, 11, 5, 11.3125], "texture": "#0"}
			}
		},
		{
			"from": [9.5, 0.5, 7.935],
			"to": [10.25, 1.25, 8.56],
			"faces": {
				"north": {"uv": [8.5, 8.5, 8.875, 8.875], "texture": "#0"},
				"east": {"uv": [2, 9.5, 2.3125, 9.875], "texture": "#0"},
				"south": {"uv": [8.875, 8.5, 8.5, 8.875], "texture": "#0"},
				"west": {"uv": [9.5, 2, 9.8125, 2.375], "texture": "#0"},
				"up": {"uv": [9.875, 2.8125, 9.5, 2.5], "texture": "#0"},
				"down": {"uv": [9.875, 3, 9.5, 3.3125], "texture": "#0"}
			}
		},
		{
			"from": [8.75, 0.25, 7.935],
			"to": [9.5, 1.25, 8.56],
			"faces": {
				"north": {"uv": [8, 3, 8.375, 3.5], "texture": "#0"},
				"east": {"uv": [8.5, 2, 8.8125, 2.5], "texture": "#0"},
				"south": {"uv": [8.375, 3, 8, 3.5], "texture": "#0"},
				"west": {"uv": [2.5, 8.5, 2.8125, 9], "texture": "#0"},
				"up": {"uv": [1.875, 9.8125, 1.5, 9.5], "texture": "#0"},
				"down": {"uv": [9.875, 1.5, 9.5, 1.8125], "texture": "#0"}
			}
		},
		{
			"from": [8.25, 0, 7.935],
			"to": [8.75, 1, 8.56],
			"faces": {
				"north": {"uv": [9, 5.5, 9.25, 6], "texture": "#0"},
				"east": {"uv": [8.5, 1.5, 8.8125, 2], "texture": "#0"},
				"south": {"uv": [9.25, 5.5, 9, 6], "texture": "#0"},
				"west": {"uv": [2, 8.5, 2.3125, 9], "texture": "#0"},
				"up": {"uv": [11.25, 3.8125, 11, 3.5], "texture": "#0"},
				"down": {"uv": [4.25, 11, 4, 11.3125], "texture": "#0"}
			}
		}
	],
	"display": {
		"thirdperson_righthand": {
			"rotation": [0, 90, 0],
			"translation": [-0.25, -7.5, 0.75],
			"scale": [1.5, 1.5, 1.5]
		},
		"thirdperson_lefthand": {
			"rotation": [0, -90, 0],
			"translation": [0.5, -7.75, 0.75],
			"scale": [1.5, 1.5, 1.5]
		},
		"firstperson_righthand": {
			"rotation": [-11, 90, 0],
			"translation": [-3.25, 3.75, 6.5],
			"scale": [0.5, 0.5, 0.5]
		},
		"firstperson_lefthand": {
			"rotation": [-11, -90, 0],
			"translation": [-3.25, 3.75, 6.5],
			"scale": [0.5, 0.5, 0.5]
		},
		"ground": {
			"translation": [0, 8.75, 0],
			"scale": [1.5, 1.5, 1.5]
		},
		"gui": {
			"rotation": [-180, 1, -128],
			"translation": [-3, -3.75, 0]
		},
		"head": {
			"translation": [0, 19.75, 0],
			"scale": [1.5, 1.5, 1.5]
		},
		"fixed": {
			"rotation": [1, -2, 47],
			"translation": [3.25, -3.75, -2.25]
		}
	}
}