{
	"credit": "Made with Blockbench",
	"texture_size": [32, 32],
	"textures": {
		"0": "item/custom_textures2/blue_rose",
		"particle": "item/custom_textures2/blue_rose"
	},
	"elements": [
		{
			"from": [8, 0, 8.075],
			"to": [8.75, 5.5, 8.425],
			"faces": {
				"north": {"uv": [4.5, 0, 4.875, 2.75], "texture": "#0"},
				"east": {"uv": [4.6875, 0, 4.875, 2.75], "texture": "#0"},
				"south": {"uv": [4.5, 0, 4.875, 2.75], "texture": "#0"},
				"west": {"uv": [4.5, 0, 4.6875, 2.75], "texture": "#0"},
				"up": {"uv": [8.375, 7.1875, 8, 7], "texture": "#0"},
				"down": {"uv": [7.875, 8, 7.5, 8.1875], "texture": "#0"}
			}
		},
		{
			"from": [8, 5.5, 8],
			"to": [8.75, 5.75, 8.5],
			"faces": {
				"north": {"uv": [10, 1, 10.375, 1.125], "texture": "#0"},
				"east": {"uv": [11.5, 0.5, 11.75, 0.625], "texture": "#0"},
				"south": {"uv": [1.5, 10, 1.875, 10.125], "texture": "#0"},
				"west": {"uv": [1, 11.5, 1.25, 11.625], "texture": "#0"},
				"up": {"uv": [7.875, 2.25, 7.5, 2], "texture": "#0"},
				"down": {"uv": [7.875, 2.5, 7.5, 2.75], "texture": "#0"}
			}
		},
		{
			"from": [7.95, 5.225, 8],
			"to": [8.8, 5.425, 8.5],
			"faces": {
				"north": {"uv": [9.5, 3, 9.9375, 3.125], "texture": "#0"},
				"east": {"uv": [11.5, 1, 11.75, 1.125], "texture": "#0"},
				"south": {"uv": [3.5, 9.5, 3.9375, 9.625], "texture": "#0"},
				"west": {"uv": [1.5, 11.5, 1.75, 11.625], "texture": "#0"},
				"up": {"uv": [6.9375, 6.25, 6.5, 6], "texture": "#0"},
				"down": {"uv": [6.9375, 6.5, 6.5, 6.75], "texture": "#0"}
			}
		},
		{
			"from": [7.95, 5, 8],
			"to": [8.8, 5.2, 8.5],
			"faces": {
				"north": {"uv": [9.5, 3.5, 9.9375, 3.625], "texture": "#0"},
				"east": {"uv": [11.5, 1.5, 11.75, 1.625], "texture": "#0"},
				"south": {"uv": [4, 9.5, 4.4375, 9.625], "texture": "#0"},
				"west": {"uv": [2, 11.5, 2.25, 11.625], "texture": "#0"},
				"up": {"uv": [7.4375, 0.25, 7, 0], "texture": "#0"},
				"down": {"uv": [0.9375, 7, 0.5, 7.25], "texture": "#0"}
			}
		},
		{
			"from": [8.6, 4.6, 8],
			"to": [8.8, 4.975, 8.5],
			"faces": {
				"north": {"uv": [8, 12, 8.125, 12.1875], "texture": "#0"},
				"east": {"uv": [10, 1.5, 10.25, 1.6875], "texture": "#0"},
				"south": {"uv": [12, 8, 12.125, 8.1875], "texture": "#0"},
				"west": {"uv": [2, 10, 2.25, 10.1875], "texture": "#0"},
				"up": {"uv": [11.625, 2.25, 11.5, 2], "texture": "#0"},
				"down": {"uv": [2.625, 11.5, 2.5, 11.75], "texture": "#0"}
			}
		},
		{
			"from": [7.95, 4.6, 8],
			"to": [8.15, 4.975, 8.5],
			"faces": {
				"north": {"uv": [8.5, 12, 8.625, 12.1875], "texture": "#0"},
				"east": {"uv": [10, 2, 10.25, 2.1875], "texture": "#0"},
				"south": {"uv": [12, 8.5, 12.125, 8.6875], "texture": "#0"},
				"west": {"uv": [2.5, 10, 2.75, 10.1875], "texture": "#0"},
				"up": {"uv": [11.625, 2.75, 11.5, 2.5], "texture": "#0"},
				"down": {"uv": [3.125, 11.5, 3, 11.75], "texture": "#0"}
			}
		},
		{
			"from": [8.05, 4.225, 8],
			"to": [8.25, 4.6, 8.5],
			"faces": {
				"north": {"uv": [9.5, 12, 9.625, 12.1875], "texture": "#0"},
				"east": {"uv": [10, 3, 10.25, 3.1875], "texture": "#0"},
				"south": {"uv": [12, 9.5, 12.125, 9.6875], "texture": "#0"},
				"west": {"uv": [3.5, 10, 3.75, 10.1875], "texture": "#0"},
				"up": {"uv": [11.625, 3.75, 11.5, 3.5], "texture": "#0"},
				"down": {"uv": [4.125, 11.5, 4, 11.75], "texture": "#0"}
			}
		},
		{
			"from": [8.475, 4.225, 8],
			"to": [8.675, 4.6, 8.5],
			"faces": {
				"north": {"uv": [9, 12, 9.125, 12.1875], "texture": "#0"},
				"east": {"uv": [10, 2.5, 10.25, 2.6875], "texture": "#0"},
				"south": {"uv": [12, 9, 12.125, 9.1875], "texture": "#0"},
				"west": {"uv": [3, 10, 3.25, 10.1875], "texture": "#0"},
				"up": {"uv": [11.625, 3.25, 11.5, 3], "texture": "#0"},
				"down": {"uv": [3.625, 11.5, 3.5, 11.75], "texture": "#0"}
			}
		},
		{
			"from": [8.475, 3.475, 8],
			"to": [8.675, 3.85, 8.5],
			"rotation": {"angle": 0, "axis": "y", "origin": [0, 16, 0]},
			"faces": {
				"north": {"uv": [12, 12, 12.125, 12.1875], "texture": "#0"},
				"east": {"uv": [10, 6.5, 10.25, 6.6875], "texture": "#0"},
				"south": {"uv": [0, 12.5, 0.125, 12.6875], "texture": "#0"},
				"west": {"uv": [7, 10, 7.25, 10.1875], "texture": "#0"},
				"up": {"uv": [11.625, 7.25, 11.5, 7], "texture": "#0"},
				"down": {"uv": [7.625, 11.5, 7.5, 11.75], "texture": "#0"}
			}
		},
		{
			"from": [8.6, 3.1, 8],
			"to": [8.8, 3.475, 8.5],
			"rotation": {"angle": 0, "axis": "y", "origin": [0, 16, 0]},
			"faces": {
				"north": {"uv": [11.5, 12, 11.625, 12.1875], "texture": "#0"},
				"east": {"uv": [6, 10, 6.25, 10.1875], "texture": "#0"},
				"south": {"uv": [12, 11.5, 12.125, 11.6875], "texture": "#0"},
				"west": {"uv": [10, 6, 10.25, 6.1875], "texture": "#0"},
				"up": {"uv": [11.625, 6.75, 11.5, 6.5], "texture": "#0"},
				"down": {"uv": [7.125, 11.5, 7, 11.75], "texture": "#0"}
			}
		},
		{
			"from": [7.95, 3.1, 8],
			"to": [8.15, 3.475, 8.5],
			"rotation": {"angle": 0, "axis": "y", "origin": [0, 16, 0]},
			"faces": {
				"north": {"uv": [11, 12, 11.125, 12.1875], "texture": "#0"},
				"east": {"uv": [5.5, 10, 5.75, 10.1875], "texture": "#0"},
				"south": {"uv": [12, 11, 12.125, 11.1875], "texture": "#0"},
				"west": {"uv": [10, 5.5, 10.25, 5.6875], "texture": "#0"},
				"up": {"uv": [11.625, 6.25, 11.5, 6], "texture": "#0"},
				"down": {"uv": [6.625, 11.5, 6.5, 11.75], "texture": "#0"}
			}
		},
		{
			"from": [8.05, 3.475, 8],
			"to": [8.25, 3.85, 8.5],
			"rotation": {"angle": 0, "axis": "y", "origin": [0, 16, 0]},
			"faces": {
				"north": {"uv": [10.5, 12, 10.625, 12.1875], "texture": "#0"},
				"east": {"uv": [10, 4.5, 10.25, 4.6875], "texture": "#0"},
				"south": {"uv": [12, 10.5, 12.125, 10.6875], "texture": "#0"},
				"west": {"uv": [10, 5, 10.25, 5.1875], "texture": "#0"},
				"up": {"uv": [11.625, 5.75, 11.5, 5.5], "texture": "#0"},
				"down": {"uv": [6.125, 11.5, 6, 11.75], "texture": "#0"}
			}
		},
		{
			"from": [7.95, 2.875, 8],
			"to": [8.8, 3.075, 8.5],
			"rotation": {"angle": 0, "axis": "y", "origin": [0, 16, 0]},
			"faces": {
				"north": {"uv": [9.5, 4.5, 9.9375, 4.625], "texture": "#0"},
				"east": {"uv": [11.5, 5, 11.75, 5.125], "texture": "#0"},
				"south": {"uv": [9.5, 5, 9.9375, 5.125], "texture": "#0"},
				"west": {"uv": [5.5, 11.5, 5.75, 11.625], "texture": "#0"},
				"up": {"uv": [7.4375, 1.25, 7, 1], "texture": "#0"},
				"down": {"uv": [7.4375, 1.5, 7, 1.75], "texture": "#0"}
			}
		},
		{
			"from": [7.95, 2.65, 8],
			"to": [8.8, 2.85, 8.5],
			"rotation": {"angle": 0, "axis": "y", "origin": [0, 16, 0]},
			"faces": {
				"north": {"uv": [9.5, 4, 9.9375, 4.125], "texture": "#0"},
				"east": {"uv": [11.5, 4.5, 11.75, 4.625], "texture": "#0"},
				"south": {"uv": [4.5, 9.5, 4.9375, 9.625], "texture": "#0"},
				"west": {"uv": [5, 11.5, 5.25, 11.625], "texture": "#0"},
				"up": {"uv": [7.4375, 0.75, 7, 0.5], "texture": "#0"},
				"down": {"uv": [1.4375, 7, 1, 7.25], "texture": "#0"}
			}
		},
		{
			"from": [7.95, 0.3, 8],
			"to": [8.8, 0.5, 8.5],
			"rotation": {"angle": 0, "axis": "y", "origin": [0, 16, 0]},
			"faces": {
				"north": {"uv": [6, 9.5, 6.4375, 9.625], "texture": "#0"},
				"east": {"uv": [1, 12, 1.25, 12.125], "texture": "#0"},
				"south": {"uv": [9.5, 6, 9.9375, 6.125], "texture": "#0"},
				"west": {"uv": [12, 1, 12.25, 1.125], "texture": "#0"},
				"up": {"uv": [7.4375, 3.25, 7, 3], "texture": "#0"},
				"down": {"uv": [7.4375, 3.5, 7, 3.75], "texture": "#0"}
			}
		},
		{
			"from": [7.875, -0.2, 8],
			"to": [8.875, 0.275, 8.5],
			"rotation": {"angle": 0, "axis": "y", "origin": [0, 16, 0]},
			"faces": {
				"north": {"uv": [6.5, 3.5, 7, 3.75], "texture": "#0"},
				"east": {"uv": [4, 9, 4.25, 9.25], "texture": "#0"},
				"south": {"uv": [6.5, 3.5, 7, 3.75], "texture": "#0"},
				"west": {"uv": [9, 4, 9.25, 4.25], "texture": "#0"},
				"up": {"uv": [5, 6.75, 4.5, 6.5], "texture": "#0"},
				"down": {"uv": [7, 4.5, 6.5, 4.75], "texture": "#0"}
			}
		},
		{
			"from": [7.725, -0.675, 8],
			"to": [9.025, -0.2, 8.5],
			"rotation": {"angle": 0, "axis": "y", "origin": [0, 16, 0]},
			"faces": {
				"north": {"uv": [5.5, 4.5, 6.125, 4.75], "texture": "#0"},
				"east": {"uv": [4.5, 9, 4.75, 9.25], "texture": "#0"},
				"south": {"uv": [5.5, 4.5, 6.125, 4.75], "texture": "#0"},
				"west": {"uv": [9, 4.5, 9.25, 4.75], "texture": "#0"},
				"up": {"uv": [6.125, 5.75, 5.5, 5.5], "texture": "#0"},
				"down": {"uv": [6.625, 0, 6, 0.25], "texture": "#0"}
			}
		},
		{
			"from": [7.9, -1.15, 8],
			"to": [8.85, -0.675, 8.5],
			"rotation": {"angle": 0, "axis": "y", "origin": [0, 16, 0]},
			"faces": {
				"north": {"uv": [6.5, 5, 7, 5.25], "texture": "#0"},
				"east": {"uv": [9, 5, 9.25, 5.25], "texture": "#0"},
				"south": {"uv": [6.5, 5, 7, 5.25], "texture": "#0"},
				"west": {"uv": [5.5, 9, 5.75, 9.25], "texture": "#0"},
				"up": {"uv": [7, 5.75, 6.5, 5.5], "texture": "#0"},
				"down": {"uv": [6.5, 6.5, 6, 6.75], "texture": "#0"}
			}
		},
		{
			"from": [8.1, -1.625, 8],
			"to": [8.65, -1.15, 8.5],
			"rotation": {"angle": 0, "axis": "y", "origin": [0, 16, 0]},
			"faces": {
				"north": {"uv": [9, 5.5, 9.25, 5.75], "texture": "#0"},
				"east": {"uv": [6, 9, 6.25, 9.25], "texture": "#0"},
				"south": {"uv": [9, 5.5, 9.25, 5.75], "texture": "#0"},
				"west": {"uv": [6.5, 9, 6.75, 9.25], "texture": "#0"},
				"up": {"uv": [9.25, 6.75, 9, 6.5], "texture": "#0"},
				"down": {"uv": [7.25, 9, 7, 9.25], "texture": "#0"}
			}
		},
		{
			"from": [7.95, 0.525, 8],
			"to": [8.8, 0.725, 8.5],
			"rotation": {"angle": 0, "axis": "y", "origin": [0, 16, 0]},
			"faces": {
				"north": {"uv": [5.5, 9.5, 5.9375, 9.625], "texture": "#0"},
				"east": {"uv": [0.5, 12, 0.75, 12.125], "texture": "#0"},
				"south": {"uv": [9.5, 5.5, 9.9375, 5.625], "texture": "#0"},
				"west": {"uv": [12, 0.5, 12.25, 0.625], "texture": "#0"},
				"up": {"uv": [7.4375, 2.25, 7, 2], "texture": "#0"},
				"down": {"uv": [7.4375, 2.5, 7, 2.75], "texture": "#0"}
			}
		},
		{
			"from": [8.375, 3.85, 8],
			"to": [8.55, 4.225, 8.5],
			"faces": {
				"north": {"uv": [2, 13, 2.0625, 13.1875], "texture": "#0"},
				"east": {"uv": [10, 4, 10.25, 4.1875], "texture": "#0"},
				"south": {"uv": [13, 2, 13.0625, 2.1875], "texture": "#0"},
				"west": {"uv": [4.5, 10, 4.75, 10.1875], "texture": "#0"},
				"up": {"uv": [12.5625, 9.25, 12.5, 9], "texture": "#0"},
				"down": {"uv": [9.5625, 12.5, 9.5, 12.75], "texture": "#0"}
			}
		},
		{
			"from": [8.175, 3.85, 8],
			"to": [8.375, 4.225, 8.5],
			"faces": {
				"north": {"uv": [10, 12, 10.125, 12.1875], "texture": "#0"},
				"east": {"uv": [10, 3.5, 10.25, 3.6875], "texture": "#0"},
				"south": {"uv": [12, 10, 12.125, 10.1875], "texture": "#0"},
				"west": {"uv": [4, 10, 4.25, 10.1875], "texture": "#0"},
				"up": {"uv": [11.625, 4.25, 11.5, 4], "texture": "#0"},
				"down": {"uv": [4.625, 11.5, 4.5, 11.75], "texture": "#0"}
			}
		},
		{
			"from": [8.6, 0.75, 8],
			"to": [8.8, 1.125, 8.5],
			"rotation": {"angle": 0, "axis": "y", "origin": [0, 16, 0]},
			"faces": {
				"north": {"uv": [12.5, 4, 12.625, 4.1875], "texture": "#0"},
				"east": {"uv": [10.5, 1.5, 10.75, 1.6875], "texture": "#0"},
				"south": {"uv": [4.5, 12.5, 4.625, 12.6875], "texture": "#0"},
				"west": {"uv": [2, 10.5, 2.25, 10.6875], "texture": "#0"},
				"up": {"uv": [0.125, 12.25, 0, 12], "texture": "#0"},
				"down": {"uv": [12.125, 0, 12, 0.25], "texture": "#0"}
			}
		},
		{
			"from": [8.475, 1.125, 8],
			"to": [8.675, 1.5, 8.5],
			"rotation": {"angle": 0, "axis": "y", "origin": [0, 16, 0]},
			"faces": {
				"north": {"uv": [12.5, 3.5, 12.625, 3.6875], "texture": "#0"},
				"east": {"uv": [10.5, 1, 10.75, 1.1875], "texture": "#0"},
				"south": {"uv": [4, 12.5, 4.125, 12.6875], "texture": "#0"},
				"west": {"uv": [1.5, 10.5, 1.75, 10.6875], "texture": "#0"},
				"up": {"uv": [11.625, 11.25, 11.5, 11], "texture": "#0"},
				"down": {"uv": [11.625, 11.5, 11.5, 11.75], "texture": "#0"}
			}
		},
		{
			"from": [8.375, 1.5, 8],
			"to": [8.55, 1.875, 8.5],
			"faces": {
				"north": {"uv": [2.5, 13, 2.5625, 13.1875], "texture": "#0"},
				"east": {"uv": [10.5, 0.5, 10.75, 0.6875], "texture": "#0"},
				"south": {"uv": [13, 2.5, 13.0625, 2.6875], "texture": "#0"},
				"west": {"uv": [1, 10.5, 1.25, 10.6875], "texture": "#0"},
				"up": {"uv": [12.5625, 9.75, 12.5, 9.5], "texture": "#0"},
				"down": {"uv": [10.0625, 12.5, 10, 12.75], "texture": "#0"}
			}
		},
		{
			"from": [8.475, 1.875, 8],
			"to": [8.675, 2.25, 8.5],
			"faces": {
				"north": {"uv": [12.5, 3, 12.625, 3.1875], "texture": "#0"},
				"east": {"uv": [10.5, 0, 10.75, 0.1875], "texture": "#0"},
				"south": {"uv": [3.5, 12.5, 3.625, 12.6875], "texture": "#0"},
				"west": {"uv": [0.5, 10.5, 0.75, 10.6875], "texture": "#0"},
				"up": {"uv": [11.625, 10.75, 11.5, 10.5], "texture": "#0"},
				"down": {"uv": [11.125, 11.5, 11, 11.75], "texture": "#0"}
			}
		},
		{
			"from": [8.6, 2.25, 8],
			"to": [8.8, 2.625, 8.5],
			"faces": {
				"north": {"uv": [12.5, 2.5, 12.625, 2.6875], "texture": "#0"},
				"east": {"uv": [10, 9.5, 10.25, 9.6875], "texture": "#0"},
				"south": {"uv": [3, 12.5, 3.125, 12.6875], "texture": "#0"},
				"west": {"uv": [10, 10, 10.25, 10.1875], "texture": "#0"},
				"up": {"uv": [11.625, 10.25, 11.5, 10], "texture": "#0"},
				"down": {"uv": [10.625, 11.5, 10.5, 11.75], "texture": "#0"}
			}
		},
		{
			"from": [7.95, 2.25, 8],
			"to": [8.15, 2.625, 8.5],
			"faces": {
				"north": {"uv": [12.5, 2, 12.625, 2.1875], "texture": "#0"},
				"east": {"uv": [10, 9, 10.25, 9.1875], "texture": "#0"},
				"south": {"uv": [2.5, 12.5, 2.625, 12.6875], "texture": "#0"},
				"west": {"uv": [9.5, 10, 9.75, 10.1875], "texture": "#0"},
				"up": {"uv": [11.625, 9.75, 11.5, 9.5], "texture": "#0"},
				"down": {"uv": [10.125, 11.5, 10, 11.75], "texture": "#0"}
			}
		},
		{
			"from": [8.05, 1.875, 8],
			"to": [8.25, 2.25, 8.5],
			"faces": {
				"north": {"uv": [12.5, 1.5, 12.625, 1.6875], "texture": "#0"},
				"east": {"uv": [10, 8.5, 10.25, 8.6875], "texture": "#0"},
				"south": {"uv": [2, 12.5, 2.125, 12.6875], "texture": "#0"},
				"west": {"uv": [9, 10, 9.25, 10.1875], "texture": "#0"},
				"up": {"uv": [11.625, 9.25, 11.5, 9], "texture": "#0"},
				"down": {"uv": [9.625, 11.5, 9.5, 11.75], "texture": "#0"}
			}
		},
		{
			"from": [8.175, 1.5, 8],
			"to": [8.375, 1.875, 8.5],
			"faces": {
				"north": {"uv": [12.5, 1, 12.625, 1.1875], "texture": "#0"},
				"east": {"uv": [10, 8, 10.25, 8.1875], "texture": "#0"},
				"south": {"uv": [1.5, 12.5, 1.625, 12.6875], "texture": "#0"},
				"west": {"uv": [8.5, 10, 8.75, 10.1875], "texture": "#0"},
				"up": {"uv": [11.625, 8.75, 11.5, 8.5], "texture": "#0"},
				"down": {"uv": [9.125, 11.5, 9, 11.75], "texture": "#0"}
			}
		},
		{
			"from": [8.05, 1.125, 8],
			"to": [8.25, 1.5, 8.5],
			"rotation": {"angle": 0, "axis": "y", "origin": [0, 16, 0]},
			"faces": {
				"north": {"uv": [12.5, 0.5, 12.625, 0.6875], "texture": "#0"},
				"east": {"uv": [10, 7.5, 10.25, 7.6875], "texture": "#0"},
				"south": {"uv": [1, 12.5, 1.125, 12.6875], "texture": "#0"},
				"west": {"uv": [8, 10, 8.25, 10.1875], "texture": "#0"},
				"up": {"uv": [11.625, 8.25, 11.5, 8], "texture": "#0"},
				"down": {"uv": [8.625, 11.5, 8.5, 11.75], "texture": "#0"}
			}
		},
		{
			"from": [7.95, 0.75, 8],
			"to": [8.15, 1.125, 8.5],
			"rotation": {"angle": 0, "axis": "y", "origin": [0, 16, 0]},
			"faces": {
				"north": {"uv": [12.5, 0, 12.625, 0.1875], "texture": "#0"},
				"east": {"uv": [10, 7, 10.25, 7.1875], "texture": "#0"},
				"south": {"uv": [0.5, 12.5, 0.625, 12.6875], "texture": "#0"},
				"west": {"uv": [7.5, 10, 7.75, 10.1875], "texture": "#0"},
				"up": {"uv": [11.625, 7.75, 11.5, 7.5], "texture": "#0"},
				"down": {"uv": [8.125, 11.5, 8, 11.75], "texture": "#0"}
			}
		},
		{
			"from": [7.9, 5.65, 7.925],
			"to": [8.35, 6.1, 8.575],
			"faces": {
				"north": {"uv": [9.5, 1, 9.75, 1.25], "texture": "#0"},
				"east": {"uv": [8, 6, 8.3125, 6.25], "texture": "#0"},
				"south": {"uv": [8.5, 0, 8.75, 0.25], "texture": "#0"},
				"west": {"uv": [6.5, 8, 6.8125, 8.25], "texture": "#0"},
				"up": {"uv": [8.25, 6.8125, 8, 6.5], "texture": "#0"},
				"down": {"uv": [7.25, 8, 7, 8.3125], "texture": "#0"}
			}
		},
		{
			"from": [8.4, 5.65, 7.925],
			"to": [8.85, 6.1, 8.575],
			"faces": {
				"north": {"uv": [8.5, 0, 8.75, 0.25], "texture": "#0"},
				"east": {"uv": [8, 0.5, 8.3125, 0.75], "texture": "#0"},
				"south": {"uv": [9.5, 1, 9.75, 1.25], "texture": "#0"},
				"west": {"uv": [1, 8, 1.3125, 8.25], "texture": "#0"},
				"up": {"uv": [8.25, 1.3125, 8, 1], "texture": "#0"},
				"down": {"uv": [8.25, 1.5, 8, 1.8125], "texture": "#0"}
			}
		},
		{
			"from": [8.4, 6.15, 7.925],
			"to": [8.85, 6.6, 8.575],
			"faces": {
				"north": {"uv": [9.5, 0.5, 9.75, 0.75], "texture": "#0"},
				"east": {"uv": [8, 5, 8.3125, 5.25], "texture": "#0"},
				"south": {"uv": [8.5, 0.5, 8.75, 0.75], "texture": "#0"},
				"west": {"uv": [5.5, 8, 5.8125, 8.25], "texture": "#0"},
				"up": {"uv": [8.25, 5.8125, 8, 5.5], "texture": "#0"},
				"down": {"uv": [6.25, 8, 6, 8.3125], "texture": "#0"}
			}
		},
		{
			"from": [8.15, 6.225, 7.875],
			"to": [8.6, 6.675, 8.625],
			"faces": {
				"north": {"uv": [9.5, 1.5, 9.75, 1.75], "texture": "#0"},
				"east": {"uv": [7.5, 3, 7.875, 3.25], "texture": "#0"},
				"south": {"uv": [9.5, 1.5, 9.75, 1.75], "texture": "#0"},
				"west": {"uv": [7.5, 3.5, 7.875, 3.75], "texture": "#0"},
				"up": {"uv": [7.75, 4.375, 7.5, 4], "texture": "#0"},
				"down": {"uv": [4.75, 7.5, 4.5, 7.875], "texture": "#0"}
			}
		},
		{
			"from": [8.15, 5.575, 7.875],
			"to": [8.6, 6.025, 8.625],
			"faces": {
				"north": {"uv": [9.5, 2, 9.75, 2.25], "texture": "#0"},
				"east": {"uv": [7.5, 4.5, 7.875, 4.75], "texture": "#0"},
				"south": {"uv": [9.5, 2, 9.75, 2.25], "texture": "#0"},
				"west": {"uv": [7.5, 5, 7.875, 5.25], "texture": "#0"},
				"up": {"uv": [7.75, 5.875, 7.5, 5.5], "texture": "#0"},
				"down": {"uv": [7.75, 6, 7.5, 6.375], "texture": "#0"}
			}
		},
		{
			"from": [8, 5.75, 7.825],
			"to": [8.75, 6.5, 8.675],
			"faces": {
				"north": {"uv": [6.5, 0.5, 6.875, 0.875], "texture": "#0"},
				"east": {"uv": [5.5, 2.5, 5.9375, 2.875], "texture": "#0"},
				"south": {"uv": [6.5, 0.5, 6.875, 0.875], "texture": "#0"},
				"west": {"uv": [5.5, 3, 5.9375, 3.375], "texture": "#0"},
				"up": {"uv": [5.875, 3.9375, 5.5, 3.5], "texture": "#0"},
				"down": {"uv": [5.875, 4, 5.5, 4.4375], "texture": "#0"}
			}
		},
		{
			"from": [7.825, 5.85, 7.875],
			"to": [8.25, 6.35, 8.625],
			"faces": {
				"north": {"uv": [10.4375, 5, 10.6875, 5.25], "texture": "#0"},
				"east": {"uv": [7.5, 6.5, 7.875, 6.75], "texture": "#0"},
				"south": {"uv": [9.5, 2.5, 9.75, 2.75], "texture": "#0"},
				"west": {"uv": [7, 7.5, 7.375, 7.75], "texture": "#0"},
				"up": {"uv": [8.1875, 7.875, 8, 7.5], "texture": "#0"},
				"down": {"uv": [8.1875, 8, 8, 8.375], "texture": "#0"}
			}
		},
		{
			"from": [8.475, 5.85, 7.875],
			"to": [8.925, 6.35, 8.625],
			"faces": {
				"north": {"uv": [9.5, 2.5, 9.75, 2.75], "texture": "#0"},
				"east": {"uv": [7.5, 7, 7.875, 7.25], "texture": "#0"},
				"south": {"uv": [10.4375, 5, 10.6875, 5.25], "texture": "#0"},
				"west": {"uv": [7.5, 7.5, 7.875, 7.75], "texture": "#0"},
				"up": {"uv": [8.25, 0.375, 8, 0], "texture": "#0"},
				"down": {"uv": [0.75, 8, 0.5, 8.375], "texture": "#0"}
			}
		},
		{
			"from": [7.9, 6.15, 7.925],
			"to": [8.35, 6.6, 8.575],
			"faces": {
				"north": {"uv": [8.5, 0.5, 8.75, 0.75], "texture": "#0"},
				"east": {"uv": [8, 2, 8.3125, 2.25], "texture": "#0"},
				"south": {"uv": [9.5, 0.5, 9.75, 0.75], "texture": "#0"},
				"west": {"uv": [8, 2.5, 8.3125, 2.75], "texture": "#0"},
				"up": {"uv": [3.25, 8.3125, 3, 8], "texture": "#0"},
				"down": {"uv": [8.25, 3, 8, 3.3125], "texture": "#0"}
			}
		},
		{
			"from": [8, 6.5, 8],
			"to": [8.75, 7.25, 8.5],
			"faces": {
				"north": {"uv": [6, 4, 6.375, 4.375], "texture": "#0"},
				"east": {"uv": [7, 4, 7.25, 4.375], "texture": "#0"},
				"south": {"uv": [6, 4, 6.375, 4.375], "texture": "#0"},
				"west": {"uv": [4.5, 7, 4.75, 7.375], "texture": "#0"},
				"up": {"uv": [7.375, 4.75, 7, 4.5], "texture": "#0"},
				"down": {"uv": [7.375, 5, 7, 5.25], "texture": "#0"}
			}
		},
		{
			"from": [8.25, 9.5, 8],
			"to": [8.5, 10, 8.5],
			"faces": {
				"north": {"uv": [10.5, 8, 10.625, 8.25], "texture": "#0"},
				"east": {"uv": [8.5, 1, 8.75, 1.25], "texture": "#0"},
				"south": {"uv": [10.5, 8, 10.625, 8.25], "texture": "#0"},
				"west": {"uv": [1.5, 8.5, 1.75, 8.75], "texture": "#0"},
				"up": {"uv": [10.625, 8.75, 10.5, 8.5], "texture": "#0"},
				"down": {"uv": [9.125, 10.5, 9, 10.75], "texture": "#0"}
			}
		},
		{
			"from": [8.3, 10, 8],
			"to": [8.45, 10.5, 8.5],
			"faces": {
				"north": {"uv": [12.5, 12, 12.5625, 12.25], "texture": "#0"},
				"east": {"uv": [9, 8.5, 9.25, 8.75], "texture": "#0"},
				"south": {"uv": [12.5, 12.5, 12.5625, 12.75], "texture": "#0"},
				"west": {"uv": [9, 9, 9.25, 9.25], "texture": "#0"},
				"up": {"uv": [0.0625, 13.25, 0, 13], "texture": "#0"},
				"down": {"uv": [13.0625, 0, 13, 0.25], "texture": "#0"}
			}
		},
		{
			"from": [8.125, 7.55, 8],
			"to": [8.625, 7.9, 8.5],
			"faces": {
				"north": {"uv": [10.5, 2, 10.75, 2.1875], "texture": "#0"},
				"east": {"uv": [2.5, 10.5, 2.75, 10.6875], "texture": "#0"},
				"south": {"uv": [10.5, 2, 10.75, 2.1875], "texture": "#0"},
				"west": {"uv": [3, 10.5, 3.25, 10.6875], "texture": "#0"},
				"up": {"uv": [9.25, 7.25, 9, 7], "texture": "#0"},
				"down": {"uv": [7.75, 9, 7.5, 9.25], "texture": "#0"}
			}
		},
		{
			"from": [8.075, 7.425, 8],
			"to": [8.675, 7.55, 8.5],
			"faces": {
				"north": {"uv": [12.5, 6, 12.8125, 6.0625], "texture": "#0"},
				"east": {"uv": [12.5, 11, 12.75, 11.0625], "texture": "#0"},
				"south": {"uv": [12.5, 6, 12.8125, 6.0625], "texture": "#0"},
				"west": {"uv": [11.5, 12.5, 11.75, 12.5625], "texture": "#0"},
				"up": {"uv": [8.3125, 3.75, 8, 3.5], "texture": "#0"},
				"down": {"uv": [8.3125, 4, 8, 4.25], "texture": "#0"}
			}
		},
		{
			"from": [8.175, 7.25, 8],
			"to": [8.575, 7.425, 8.5],
			"faces": {
				"north": {"uv": [3, 13, 3.1875, 13.0625], "texture": "#0"},
				"east": {"uv": [12.5, 10.5, 12.75, 10.5625], "texture": "#0"},
				"south": {"uv": [3, 13, 3.1875, 13.0625], "texture": "#0"},
				"west": {"uv": [11, 12.5, 11.25, 12.5625], "texture": "#0"},
				"up": {"uv": [10.6875, 4.25, 10.5, 4], "texture": "#0"},
				"down": {"uv": [4.6875, 10.5, 4.5, 10.75], "texture": "#0"}
			}
		},
		{
			"from": [8.2, 7.9, 8],
			"to": [8.55, 8.4, 8.5],
			"faces": {
				"north": {"uv": [10.5, 3, 10.6875, 3.25], "texture": "#0"},
				"east": {"uv": [9, 7.5, 9.25, 7.75], "texture": "#0"},
				"south": {"uv": [10.5, 3, 10.6875, 3.25], "texture": "#0"},
				"west": {"uv": [8, 9, 8.25, 9.25], "texture": "#0"},
				"up": {"uv": [10.6875, 3.75, 10.5, 3.5], "texture": "#0"},
				"down": {"uv": [4.1875, 10.5, 4, 10.75], "texture": "#0"}
			}
		},
		{
			"from": [8.25, 8.4, 8],
			"to": [8.5, 8.9, 8.5],
			"faces": {
				"north": {"uv": [2, 12, 2.125, 12.25], "texture": "#0"},
				"east": {"uv": [9, 8, 9.25, 8.25], "texture": "#0"},
				"south": {"uv": [2, 12, 2.125, 12.25], "texture": "#0"},
				"west": {"uv": [8.5, 9, 8.75, 9.25], "texture": "#0"},
				"up": {"uv": [2.625, 12.25, 2.5, 12], "texture": "#0"},
				"down": {"uv": [12.125, 2.5, 12, 2.75], "texture": "#0"}
			}
		},
		{
			"from": [8.25, 8.9, 8],
			"to": [8.5, 9.2, 8.5],
			"faces": {
				"north": {"uv": [12.5, 11.5, 12.625, 11.625], "texture": "#0"},
				"east": {"uv": [3, 12, 3.25, 12.125], "texture": "#0"},
				"south": {"uv": [12.5, 11.5, 12.625, 11.625], "texture": "#0"},
				"west": {"uv": [12, 3, 12.25, 3.125], "texture": "#0"},
				"up": {"uv": [3.625, 12.25, 3.5, 12], "texture": "#0"},
				"down": {"uv": [12.125, 3.5, 12, 3.75], "texture": "#0"}
			}
		},
		{
			"from": [8.175, 9.2, 8],
			"to": [8.575, 9.5, 8.5],
			"faces": {
				"north": {"uv": [12.5, 4.5, 12.6875, 4.625], "texture": "#0"},
				"east": {"uv": [4, 12, 4.25, 12.125], "texture": "#0"},
				"south": {"uv": [12.5, 4.5, 12.6875, 4.625], "texture": "#0"},
				"west": {"uv": [12, 4, 12.25, 4.125], "texture": "#0"},
				"up": {"uv": [10.6875, 4.75, 10.5, 4.5], "texture": "#0"},
				"down": {"uv": [5.1875, 10.5, 5, 10.75], "texture": "#0"}
			}
		},
		{
			"from": [8.75, 5.5, 8],
			"to": [9, 7, 8.5],
			"faces": {
				"north": {"uv": [5.5, 7, 5.625, 7.75], "texture": "#0"},
				"east": {"uv": [5.5, 0, 5.75, 0.75], "texture": "#0"},
				"south": {"uv": [6, 7, 6.125, 7.75], "texture": "#0"},
				"west": {"uv": [0.5, 5.5, 0.75, 6.25], "texture": "#0"},
				"up": {"uv": [10.625, 9.25, 10.5, 9], "texture": "#0"},
				"down": {"uv": [9.625, 10.5, 9.5, 10.75], "texture": "#0"}
			}
		},
		{
			"from": [7.75, 5.5, 8],
			"to": [8, 7, 8.5],
			"faces": {
				"north": {"uv": [6, 7, 6.125, 7.75], "texture": "#0"},
				"east": {"uv": [1, 5.5, 1.25, 6.25], "texture": "#0"},
				"south": {"uv": [5.5, 7, 5.625, 7.75], "texture": "#0"},
				"west": {"uv": [5.5, 1, 5.75, 1.75], "texture": "#0"},
				"up": {"uv": [10.625, 9.75, 10.5, 9.5], "texture": "#0"},
				"down": {"uv": [10.125, 10.5, 10, 10.75], "texture": "#0"}
			}
		},
		{
			"from": [9, 5.75, 8],
			"to": [9.25, 6.75, 8.5],
			"faces": {
				"north": {"uv": [8.5, 1.5, 8.625, 2], "texture": "#0"},
				"east": {"uv": [6.5, 1.5, 6.75, 2], "texture": "#0"},
				"south": {"uv": [8.5, 2.5, 8.625, 3], "texture": "#0"},
				"west": {"uv": [6.5, 2, 6.75, 2.5], "texture": "#0"},
				"up": {"uv": [10.625, 10.25, 10.5, 10], "texture": "#0"},
				"down": {"uv": [10.625, 10.5, 10.5, 10.75], "texture": "#0"}
			}
		},
		{
			"from": [7.5, 5.75, 8],
			"to": [7.75, 6.75, 8.5],
			"faces": {
				"north": {"uv": [8.5, 2.5, 8.625, 3], "texture": "#0"},
				"east": {"uv": [6.5, 2.5, 6.75, 3], "texture": "#0"},
				"south": {"uv": [8.5, 1.5, 8.625, 2], "texture": "#0"},
				"west": {"uv": [6.5, 3, 6.75, 3.5], "texture": "#0"},
				"up": {"uv": [0.125, 11.25, 0, 11], "texture": "#0"},
				"down": {"uv": [11.125, 0, 11, 0.25], "texture": "#0"}
			}
		},
		{
			"from": [9.25, 6, 8],
			"to": [9.75, 6.5, 8.5],
			"faces": {
				"north": {"uv": [8.5, 3, 8.75, 3.25], "texture": "#0"},
				"east": {"uv": [8.5, 3.5, 8.75, 3.75], "texture": "#0"},
				"south": {"uv": [8.5, 3, 8.75, 3.25], "texture": "#0"},
				"west": {"uv": [4.5, 8.5, 4.75, 8.75], "texture": "#0"},
				"up": {"uv": [8.75, 4.75, 8.5, 4.5], "texture": "#0"},
				"down": {"uv": [8.75, 5, 8.5, 5.25], "texture": "#0"}
			}
		},
		{
			"from": [7, 6, 8],
			"to": [7.5, 6.5, 8.5],
			"faces": {
				"north": {"uv": [5.5, 8.5, 5.75, 8.75], "texture": "#0"},
				"east": {"uv": [8.5, 5.5, 8.75, 5.75], "texture": "#0"},
				"south": {"uv": [8.5, 3, 8.75, 3.25], "texture": "#0"},
				"west": {"uv": [8.5, 6, 8.75, 6.25], "texture": "#0"},
				"up": {"uv": [6.75, 8.75, 6.5, 8.5], "texture": "#0"},
				"down": {"uv": [8.75, 6.5, 8.5, 6.75], "texture": "#0"}
			}
		},
		{
			"from": [6.5, 5.875, 8],
			"to": [7, 6.6, 8.5],
			"faces": {
				"north": {"uv": [7, 6.5, 7.25, 6.875], "texture": "#0"},
				"east": {"uv": [7, 7, 7.25, 7.375], "texture": "#0"},
				"south": {"uv": [7.5, 0.5, 7.75, 0.875], "texture": "#0"},
				"west": {"uv": [0.5, 7.5, 0.75, 7.875], "texture": "#0"},
				"up": {"uv": [7.25, 8.75, 7, 8.5], "texture": "#0"},
				"down": {"uv": [8.75, 7, 8.5, 7.25], "texture": "#0"}
			}
		},
		{
			"from": [7, 6.5, 8.1],
			"to": [7.5, 6.9, 8.4],
			"faces": {
				"north": {"uv": [9.5, 7.5, 9.75, 7.6875], "texture": "#0"},
				"east": {"uv": [5, 12, 5.125, 12.1875], "texture": "#0"},
				"south": {"uv": [9.5, 8, 9.75, 8.1875], "texture": "#0"},
				"west": {"uv": [12, 5, 12.125, 5.1875], "texture": "#0"},
				"up": {"uv": [4.75, 11.125, 4.5, 11], "texture": "#0"},
				"down": {"uv": [11.25, 4.5, 11, 4.625], "texture": "#0"}
			}
		},
		{
			"from": [6.7, 6.7, 8.125],
			"to": [7.2, 7.1, 8.375],
			"faces": {
				"north": {"uv": [9.5, 9, 9.75, 9.1875], "texture": "#0"},
				"east": {"uv": [6.5, 12, 6.625, 12.1875], "texture": "#0"},
				"south": {"uv": [9.5, 8.5, 9.75, 8.6875], "texture": "#0"},
				"west": {"uv": [12, 6.5, 12.125, 6.6875], "texture": "#0"},
				"up": {"uv": [11.25, 6.125, 11, 6], "texture": "#0"},
				"down": {"uv": [6.75, 11, 6.5, 11.125], "texture": "#0"}
			}
		},
		{
			"from": [9.25, 6.5, 8.1],
			"to": [9.75, 6.9, 8.4],
			"faces": {
				"north": {"uv": [9.5, 8, 9.75, 8.1875], "texture": "#0"},
				"east": {"uv": [5.5, 12, 5.625, 12.1875], "texture": "#0"},
				"south": {"uv": [9.5, 7.5, 9.75, 7.6875], "texture": "#0"},
				"west": {"uv": [12, 5.5, 12.125, 5.6875], "texture": "#0"},
				"up": {"uv": [5.25, 11.125, 5, 11], "texture": "#0"},
				"down": {"uv": [11.25, 5, 11, 5.125], "texture": "#0"}
			}
		},
		{
			"from": [9.55, 6.7, 8.125],
			"to": [10.05, 7.1, 8.375],
			"faces": {
				"north": {"uv": [9.5, 8.5, 9.75, 8.6875], "texture": "#0"},
				"east": {"uv": [6, 12, 6.125, 12.1875], "texture": "#0"},
				"south": {"uv": [9.5, 9, 9.75, 9.1875], "texture": "#0"},
				"west": {"uv": [12, 6, 12.125, 6.1875], "texture": "#0"},
				"up": {"uv": [5.75, 11.125, 5.5, 11], "texture": "#0"},
				"down": {"uv": [6.25, 11, 6, 11.125], "texture": "#0"}
			}
		},
		{
			"from": [9.8, 6.9, 8.15],
			"to": [10.3, 7.175, 8.35],
			"faces": {
				"north": {"uv": [11, 6.5, 11.25, 6.625], "texture": "#0"},
				"east": {"uv": [12.5, 7, 12.625, 7.125], "texture": "#0"},
				"south": {"uv": [11, 6.5, 11.25, 6.625], "texture": "#0"},
				"west": {"uv": [7.5, 12.5, 7.625, 12.625], "texture": "#0"},
				"up": {"uv": [7.75, 11.125, 7.5, 11], "texture": "#0"},
				"down": {"uv": [11.25, 7.5, 11, 7.625], "texture": "#0"}
			}
		},
		{
			"from": [6.45, 6.9, 8.15],
			"to": [6.95, 7.175, 8.35],
			"faces": {
				"north": {"uv": [8, 11, 8.25, 11.125], "texture": "#0"},
				"east": {"uv": [12.5, 7.5, 12.625, 7.625], "texture": "#0"},
				"south": {"uv": [11, 6.5, 11.25, 6.625], "texture": "#0"},
				"west": {"uv": [8, 12.5, 8.125, 12.625], "texture": "#0"},
				"up": {"uv": [8.75, 11.125, 8.5, 11], "texture": "#0"},
				"down": {"uv": [11.25, 8.5, 11, 8.625], "texture": "#0"}
			}
		},
		{
			"from": [9.425, 5.5, 8.125],
			"to": [9.925, 5.725, 8.375],
			"rotation": {"angle": 0, "axis": "y", "origin": [0, 16, 0]},
			"faces": {
				"north": {"uv": [11, 11, 11.25, 11.125], "texture": "#0"},
				"east": {"uv": [12.5, 8.5, 12.625, 8.625], "texture": "#0"},
				"south": {"uv": [9, 11, 9.25, 11.125], "texture": "#0"},
				"west": {"uv": [9, 12.5, 9.125, 12.625], "texture": "#0"},
				"up": {"uv": [11.75, 0.125, 11.5, 0], "texture": "#0"},
				"down": {"uv": [0.75, 11.5, 0.5, 11.625], "texture": "#0"}
			}
		},
		{
			"from": [9.25, 5.6, 8.1],
			"to": [9.75, 6, 8.4],
			"rotation": {"angle": 0, "axis": "y", "origin": [0, 16, 0]},
			"faces": {
				"north": {"uv": [10, 0.5, 10.25, 0.6875], "texture": "#0"},
				"east": {"uv": [7.5, 12, 7.625, 12.1875], "texture": "#0"},
				"south": {"uv": [10, 0, 10.25, 0.1875], "texture": "#0"},
				"west": {"uv": [12, 7.5, 12.125, 7.6875], "texture": "#0"},
				"up": {"uv": [10.75, 11.125, 10.5, 11], "texture": "#0"},
				"down": {"uv": [11.25, 10.5, 11, 10.625], "texture": "#0"}
			}
		},
		{
			"from": [7, 5.6, 8.1],
			"to": [7.5, 6, 8.4],
			"rotation": {"angle": 0, "axis": "y", "origin": [0, 16, 0]},
			"faces": {
				"north": {"uv": [10, 0, 10.25, 0.1875], "texture": "#0"},
				"east": {"uv": [7, 12, 7.125, 12.1875], "texture": "#0"},
				"south": {"uv": [10, 0.5, 10.25, 0.6875], "texture": "#0"},
				"west": {"uv": [12, 7, 12.125, 7.1875], "texture": "#0"},
				"up": {"uv": [10.25, 11.125, 10, 11], "texture": "#0"},
				"down": {"uv": [11.25, 10, 11, 10.125], "texture": "#0"}
			}
		},
		{
			"from": [6.825, 5.5, 8.125],
			"to": [7.325, 5.725, 8.375],
			"rotation": {"angle": 0, "axis": "y", "origin": [0, 16, 0]},
			"faces": {
				"north": {"uv": [9, 11, 9.25, 11.125], "texture": "#0"},
				"east": {"uv": [12.5, 8, 12.625, 8.125], "texture": "#0"},
				"south": {"uv": [11, 11, 11.25, 11.125], "texture": "#0"},
				"west": {"uv": [8.5, 12.5, 8.625, 12.625], "texture": "#0"},
				"up": {"uv": [9.75, 11.125, 9.5, 11], "texture": "#0"},
				"down": {"uv": [11.25, 9.5, 11, 9.625], "texture": "#0"}
			}
		},
		{
			"from": [6, 5.975, 8],
			"to": [6.5, 6.5, 8.5],
			"faces": {
				"north": {"uv": [8.5, 8.5, 8.75, 8.75], "texture": "#0"},
				"east": {"uv": [9, 0, 9.25, 0.25], "texture": "#0"},
				"south": {"uv": [1.5, 9, 1.75, 9.25], "texture": "#0"},
				"west": {"uv": [9, 0.5, 9.25, 0.75], "texture": "#0"},
				"up": {"uv": [1.25, 9.25, 1, 9], "texture": "#0"},
				"down": {"uv": [9.25, 1, 9, 1.25], "texture": "#0"}
			}
		},
		{
			"from": [9.75, 5.875, 8],
			"to": [10.25, 6.6, 8.5],
			"faces": {
				"north": {"uv": [7.5, 0.5, 7.75, 0.875], "texture": "#0"},
				"east": {"uv": [1, 7.5, 1.25, 7.875], "texture": "#0"},
				"south": {"uv": [7.5, 0.5, 7.75, 0.875], "texture": "#0"},
				"west": {"uv": [7.5, 1.5, 7.75, 1.875], "texture": "#0"},
				"up": {"uv": [7.75, 8.75, 7.5, 8.5], "texture": "#0"},
				"down": {"uv": [8.75, 7.5, 8.5, 7.75], "texture": "#0"}
			}
		},
		{
			"from": [10.25, 5.975, 8],
			"to": [10.75, 6.5, 8.5],
			"faces": {
				"north": {"uv": [1.5, 9, 1.75, 9.25], "texture": "#0"},
				"east": {"uv": [9, 1.5, 9.25, 1.75], "texture": "#0"},
				"south": {"uv": [1.5, 9, 1.75, 9.25], "texture": "#0"},
				"west": {"uv": [9, 2, 9.25, 2.25], "texture": "#0"},
				"up": {"uv": [2.75, 9.25, 2.5, 9], "texture": "#0"},
				"down": {"uv": [9.25, 2.5, 9, 2.75], "texture": "#0"}
			}
		},
		{
			"from": [10.75, 6.1, 8],
			"to": [11.25, 6.375, 8.5],
			"faces": {
				"north": {"uv": [3.5, 11, 3.75, 11.125], "texture": "#0"},
				"east": {"uv": [11, 3.5, 11.25, 3.625], "texture": "#0"},
				"south": {"uv": [3.5, 11, 3.75, 11.125], "texture": "#0"},
				"west": {"uv": [11, 4, 11.25, 4.125], "texture": "#0"},
				"up": {"uv": [3.75, 9.25, 3.5, 9], "texture": "#0"},
				"down": {"uv": [9.25, 3.5, 9, 3.75], "texture": "#0"}
			}
		},
		{
			"from": [5.5, 6.1, 8],
			"to": [6, 6.375, 8.5],
			"faces": {
				"north": {"uv": [2.5, 11, 2.75, 11.125], "texture": "#0"},
				"east": {"uv": [11, 2.5, 11.25, 2.625], "texture": "#0"},
				"south": {"uv": [3.5, 11, 3.75, 11.125], "texture": "#0"},
				"west": {"uv": [11, 3, 11.25, 3.125], "texture": "#0"},
				"up": {"uv": [3.25, 9.25, 3, 9], "texture": "#0"},
				"down": {"uv": [9.25, 3, 9, 3.25], "texture": "#0"}
			}
		},
		{
			"from": [7.9, 20.15, 8.19],
			"to": [8.85, 24.85, 8.315],
			"faces": {
				"north": {"uv": [3, 0, 3.5, 2.375], "texture": "#0"},
				"east": {"uv": [1.5, 6, 1.5625, 8.375], "texture": "#0"},
				"south": {"uv": [3, 2.5, 3.5, 4.875], "texture": "#0"},
				"west": {"uv": [6, 1.5, 6.0625, 3.875], "texture": "#0"},
				"up": {"uv": [1, 11.0625, 0.5, 11], "texture": "#0"},
				"down": {"uv": [11.5, 0.5, 11, 0.5625], "texture": "#0"}
			}
		},
		{
			"from": [7.9, 7.425, 8.19],
			"to": [8.85, 9.125, 8.315],
			"faces": {
				"north": {"uv": [5, 3, 5.5, 3.875], "texture": "#0"},
				"east": {"uv": [6.5, 9.5, 6.5625, 10.375], "texture": "#0"},
				"south": {"uv": [5, 4, 5.5, 4.875], "texture": "#0"},
				"west": {"uv": [9.5, 6.5, 9.5625, 7.375], "texture": "#0"},
				"up": {"uv": [2, 12.0625, 1.5, 12], "texture": "#0"},
				"down": {"uv": [12.5, 1.5, 12, 1.5625], "texture": "#0"}
			}
		},
		{
			"from": [7.825, 6.95, 8.19],
			"to": [8.925, 7.425, 8.315],
			"faces": {
				"north": {"uv": [5.5, 6, 6.0625, 6.25], "texture": "#0"},
				"east": {"uv": [12.5, 10, 12.5625, 10.25], "texture": "#0"},
				"south": {"uv": [0.5, 6.5, 1.0625, 6.75], "texture": "#0"},
				"west": {"uv": [10.5, 12.5, 10.5625, 12.75], "texture": "#0"},
				"up": {"uv": [7.5625, 10.5625, 7, 10.5], "texture": "#0"},
				"down": {"uv": [11.0625, 7, 10.5, 7.0625], "texture": "#0"}
			}
		},
		{
			"from": [7.775, 9.125, 8.19],
			"to": [8.975, 20.15, 8.315],
			"faces": {
				"north": {"uv": [0, 0, 0.625, 5.5], "texture": "#0"},
				"east": {"uv": [5, 5, 5.0625, 10.5], "texture": "#0"},
				"south": {"uv": [1, 0, 1.625, 5.5], "texture": "#0"},
				"west": {"uv": [0, 5.5, 0.0625, 11], "texture": "#0"},
				"up": {"uv": [11.125, 5.5625, 10.5, 5.5], "texture": "#0"},
				"down": {"uv": [6.625, 10.5, 6, 10.5625], "texture": "#0"}
			}
		},
		{
			"from": [8, 7.25, 8.125],
			"to": [8.75, 24.85, 8.375],
			"faces": {
				"north": {"uv": [2, 0, 2.4375, 8.8125], "texture": "#0"},
				"east": {"uv": [3.5, 0, 3.625, 8.8125], "texture": "#0"},
				"south": {"uv": [2, 0, 2.4375, 8.8125], "texture": "#0"},
				"west": {"uv": [4, 0, 4.125, 8.8125], "texture": "#0"},
				"up": {"uv": [7.375, 9.625, 7, 9.5], "texture": "#0"},
				"down": {"uv": [7.875, 9.5, 7.5, 9.625], "texture": "#0"}
			}
		},
		{
			"from": [8.075, 24.85, 8.125],
			"to": [8.675, 25.85, 8.375],
			"faces": {
				"north": {"uv": [6, 0.5, 6.3125, 1], "texture": "#0"},
				"east": {"uv": [9.5, 0, 9.625, 0.5], "texture": "#0"},
				"south": {"uv": [6, 1, 6.3125, 1.5], "texture": "#0"},
				"west": {"uv": [0.5, 9.5, 0.625, 10], "texture": "#0"},
				"up": {"uv": [10.8125, 6.125, 10.5, 6], "texture": "#0"},
				"down": {"uv": [10.8125, 6.5, 10.5, 6.625], "texture": "#0"}
			}
		},
		{
			"from": [8.15, 25.85, 8.125],
			"to": [8.6, 26.35, 8.375],
			"faces": {
				"north": {"uv": [8, 8.5, 8.25, 8.75], "texture": "#0"},
				"east": {"uv": [1, 11, 1.125, 11.25], "texture": "#0"},
				"south": {"uv": [8.5, 8, 8.75, 8.25], "texture": "#0"},
				"west": {"uv": [11, 1, 11.125, 1.25], "texture": "#0"},
				"up": {"uv": [1.75, 11.125, 1.5, 11], "texture": "#0"},
				"down": {"uv": [11.25, 1.5, 11, 1.625], "texture": "#0"}
			}
		},
		{
			"from": [8, 24.85, 8.19],
			"to": [8.75, 25.85, 8.315],
			"faces": {
				"north": {"uv": [1.5, 5.5, 1.875, 6], "texture": "#0"},
				"east": {"uv": [2, 11, 2.0625, 11.5], "texture": "#0"},
				"south": {"uv": [5.5, 2, 5.875, 2.5], "texture": "#0"},
				"west": {"uv": [11, 2, 11.0625, 2.5], "texture": "#0"},
				"up": {"uv": [4.875, 12.0625, 4.5, 12], "texture": "#0"},
				"down": {"uv": [12.375, 4.5, 12, 4.5625], "texture": "#0"}
			}
		},
		{
			"from": [8.075, 25.85, 8.19],
			"to": [8.675, 26.35, 8.315],
			"faces": {
				"north": {"uv": [4.5, 8, 4.8125, 8.25], "texture": "#0"},
				"east": {"uv": [0.5, 13, 0.5625, 13.25], "texture": "#0"},
				"south": {"uv": [8, 4.5, 8.3125, 4.75], "texture": "#0"},
				"west": {"uv": [13, 0.5, 13.0625, 0.75], "texture": "#0"},
				"up": {"uv": [12.8125, 6.5625, 12.5, 6.5], "texture": "#0"},
				"down": {"uv": [7.3125, 12.5, 7, 12.5625], "texture": "#0"}
			}
		},
		{
			"from": [8.175, 26.35, 8.19],
			"to": [8.575, 26.675, 8.315],
			"faces": {
				"north": {"uv": [10.5, 7.5, 10.6875, 7.6875], "texture": "#0"},
				"east": {"uv": [3.5, 13, 3.5625, 13.1875], "texture": "#0"},
				"south": {"uv": [8, 10.5, 8.1875, 10.6875], "texture": "#0"},
				"west": {"uv": [13, 3.5, 13.0625, 3.6875], "texture": "#0"},
				"up": {"uv": [4.1875, 13.0625, 4, 13], "texture": "#0"},
				"down": {"uv": [13.1875, 4, 13, 4.0625], "texture": "#0"}
			}
		},
		{
			"from": [8.25, 26.675, 8.19],
			"to": [8.5, 26.925, 8.315],
			"faces": {
				"north": {"uv": [1.5, 13, 1.625, 13.125], "texture": "#0"},
				"east": {"uv": [4.5, 13, 4.5625, 13.125], "texture": "#0"},
				"south": {"uv": [13, 1.5, 13.125, 1.625], "texture": "#0"},
				"west": {"uv": [13, 4.5, 13.0625, 4.625], "texture": "#0"},
				"up": {"uv": [5.125, 13.0625, 5, 13], "texture": "#0"},
				"down": {"uv": [13.125, 5, 13, 5.0625], "texture": "#0"}
			}
		},
		{
			"from": [8.25, 26.35, 8.125],
			"to": [8.5, 26.675, 8.375],
			"faces": {
				"north": {"uv": [12.5, 5, 12.625, 5.1875], "texture": "#0"},
				"east": {"uv": [5.5, 12.5, 5.625, 12.6875], "texture": "#0"},
				"south": {"uv": [12.5, 5.5, 12.625, 5.6875], "texture": "#0"},
				"west": {"uv": [6, 12.5, 6.125, 12.6875], "texture": "#0"},
				"up": {"uv": [1.125, 13.125, 1, 13], "texture": "#0"},
				"down": {"uv": [13.125, 1, 13, 1.125], "texture": "#0"}
			}
		}
	],
	"display": {
		"thirdperson_righthand": {
			"rotation": [0, -90, 0],
			"translation": [0.4, 4.586, -0.5],
			"scale": [1.5, 1.5, 1.5]
		},
		"thirdperson_lefthand": {
			"rotation": [0, 90, 0],
			"translation": [-0.4, 4.836, -0.5],
			"scale": [1.5, 1.5, 1.5]
		},
		"firstperson_righthand": {
			"rotation": [-11, 104, 0],
			"translation": [2.6, 3, -0.758]
		},
		"firstperson_lefthand": {
			"rotation": [-11, -76, 0],
			"translation": [2.6, 3, -0.75]
		},
		"ground": {
			"translation": [0, 15, 0],
			"scale": [1.5, 1.5, 1.5]
		},
		"gui": {
			"rotation": [0, 0, -45],
			"translation": [-3.75, -4.5, 0]
		},
		"head": {
			"translation": [0, 22.5, 0],
			"scale": [1.5, 1.5, 1.5]
		},
		"fixed": {
			"rotation": [0, 0, 45],
			"translation": [2.75, -3.25, -2]
		}
	},
	"groups": [
		{
			"name": "hilt",
			"origin": [8, 8, 8],
			"color": 0,
			"children": []
		},
		0,
		1,
		2,
		3,
		4,
		5,
		6,
		7,
		8,
		9,
		10,
		11,
		12,
		13,
		14,
		15,
		16,
		17,
		18,
		19,
		20,
		21,
		22,
		23,
		24,
		25,
		26,
		27,
		28,
		29,
		30,
		31,
		32,
		33,
		34,
		35,
		36,
		37,
		38,
		39,
		40,
		41,
		42,
		43,
		44,
		45,
		46,
		47,
		48,
		49,
		50,
		51,
		52,
		53,
		54,
		55,
		56,
		57,
		58,
		59,
		60,
		61,
		62,
		63,
		64,
		65,
		66,
		67,
		68,
		69,
		70,
		71,
		72,
		{
			"name": "blade",
			"origin": [8, 8, 8],
			"color": 0,
			"children": [73, 74, 75, 76, 77, 78, 79, 80, 81, 82, 83, 84]
		}
	]
}