{
    "providers": [
        {
            "type": "bitmap",
            "file": "minecraft:logo/logo.png",
            "ascent": 66,
            "height": 106,
            "chars": ["㍿"]
        },
        {
            "type": "bitmap",
            "file": "minecraft:logo/argent.png",
            "ascent": 30,
            "height": 53,
            "chars": ["∐"]
        },
        {
            "type": "bitmap",
            "file": "minecraft:logo/pseudo.png",
            "ascent": 30,
            "height": 53,
            "chars": ["≼"]
        },
        {
            "type": "bitmap",
            "file": "minecraft:logo/team.png",
            "ascent": 28,
            "height": 48,
            "chars": ["Ł"]
        },
        {
            "type": "bitmap",
            "file": "minecraft:logo/astraliaip.png",
            "ascent": 0,
            "height": 158,
            "chars": ["赤"]
        },
        {
            "type": "bitmap",
            "file": "minecraft:logo/monnaie.png",
            "ascent": 10,
            "height": 15,
            "chars": ["丝"]
        },
        {
            "type": "bitmap",
            "file": "minecraft:logo/aide.png",
            "ascent": 10,
            "height": 15,
            "chars": ["亭"]
        },
        {
            "type": "bitmap",
            "file": "minecraft:logo/job.png",
            "ascent": 10,
            "height": 15,
            "chars": ["习"]
        },
        {
            "type": "bitmap",
            "file": "minecraft:logo/psd.png",
            "ascent": 10,
            "height": 15,
            "chars": ["亃"]
        }
    ]
}